2026-10-03 10:03:15.425 am|<span style="white-space: pre-wrap;">« [Node 022] [REQ] [BridgeApplicationCommand]<br/>                                 │ RSSI: -78 dBm<br/>                                 └─[BasicCCReport]<br/>                                     current value: 0</span>
2026-10-03 10:03:15.424 am|<span style="white-space: pre-wrap;">» [ACK]                                                                   (0x06)</span>
2026-10-03 10:03:15.418 am|<span style="white-space: pre-wrap;">« 0x010c00a80001160320030000b2de                                      (14 bytes)</span>
2026-10-03 10:03:12.685 am|<span style="white-space: pre-wrap;">  [Node 023] [~] [Multilevel Switch] currentValue: 0 =&gt; 0           [Endpoint 0]</span>
2026-10-03 10:03:12.683 am|<span style="white-space: pre-wrap;">« [Node 023] [REQ] [BridgeApplicationCommand]<br/>                                 │ RSSI: -80 dBm<br/>                                 └─[BasicCCReport]<br/>                                     current value: 0</span>
2026-10-03 10:03:12.681 am|<span style="white-space: pre-wrap;">» [ACK]                                                                   (0x06)</span>
2026-10-03 10:03:12.677 am|<span style="white-space: pre-wrap;">« 0x010c00a80001170320030000b0dd                                      (14 bytes)</span>
2026-10-03 10:03:12.352 am|<span style="white-space: pre-wrap;">  all queues idle</span>
2026-10-03 10:03:12.350 am|<span style="white-space: pre-wrap;">« [Node 023] [REQ] [BridgeApplicationCommand]<br/>                                 │ RSSI: -79 dBm<br/>                                 └─[BinarySwitchCCReport]<br/>                                     current value: false</span>
2026-10-03 10:03:12.347 am|<span style="white-space: pre-wrap;">» [ACK]                                                                   (0x06)</span>
2026-10-03 10:03:12.343 am|<span style="white-space: pre-wrap;">« 0x010c00a80001170325030000b1d9                                      (14 bytes)</span>
2026-10-03 10:03:12.339 am|<span style="white-space: pre-wrap;">« [REQ] [SendDataBridge]<br/>                                   callback id:            177<br/>                                   transmit status:        OK, took 10 ms<br/>                                   routing attempts:       1<br/>                                   protocol &amp; route speed: Z-Wave, 100 kbit/s<br/>                                   routing scheme:         LWR<br/>                                   ACK RSSI:               -79 dBm<br/>                                   ACK channel no.:        0<br/>                                   TX channel no.:         0</span>
2026-10-03 10:03:12.337 am|<span style="white-space: pre-wrap;">» [ACK]                                                                   (0x06)</span>
2026-10-03 10:03:12.334 am|<span style="white-space: pre-wrap;">« 0x011d00a9b100000100b17f7f7f7f00000300000000030100007f7f7f7f7f34    (31 bytes)</span>
2026-10-03 10:03:12.321 am|<span style="white-space: pre-wrap;">« [RES] [SendDataBridge]<br/>                                   was sent: true</span>
2026-10-03 10:03:12.318 am|<span style="white-space: pre-wrap;">« 0x010401a90152                                                       (6 bytes)</span>
2026-10-03 10:03:12.316 am|<span style="white-space: pre-wrap;">« [ACK]                                                                   (0x06)</span>
2026-10-03 10:03:12.312 am|<span style="white-space: pre-wrap;">» [Node 023] [REQ] [SendDataBridge]<br/>                                 │ source node id:   1<br/>                                 │ transmit options: 0x25<br/>                                 │ callback id:      177<br/>                                 └─[BinarySwitchCCGet]</span>
2026-10-03 10:03:12.309 am|<span style="white-space: pre-wrap;">  one or more queues busy</span>
2026-10-03 10:03:12.096 am|<span style="white-space: pre-wrap;">  all queues idle</span>
2026-10-03 10:03:12.093 am|<span style="white-space: pre-wrap;">  [Node 022] [~] [Binary Switch] currentValue: false =&gt; false       [Endpoint 0]</span>
2026-10-03 10:03:12.082 am|<span style="white-space: pre-wrap;">» [ACK]                                                                   (0x06)</span>
2026-10-03 10:03:12.080 am|<span style="white-space: pre-wrap;">« 0x010c00a80001160325030000b2db                                      (14 bytes)</span>
2026-10-03 10:03:12.074 am|<span style="white-space: pre-wrap;">« [REQ] [SendDataBridge]<br/>                                   callback id:            176<br/>                                   transmit status:        OK, took 10 ms<br/>                                   routing attempts:       1<br/>                                   protocol &amp; route speed: Z-Wave, 100 kbit/s<br/>                                   routing scheme:         LWR<br/>                                   ACK RSSI:               -78 dBm<br/>                                   ACK channel no.:        0<br/>                                   TX channel no.:         0</span>
2026-10-03 10:03:12.072 am|<span style="white-space: pre-wrap;">» [ACK]                                                                   (0x06)</span>
2026-10-03 10:03:12.070 am|<span style="white-space: pre-wrap;">« 0x011d00a9b000000100b27f7f7f7f00000300000000030100007f7f7f7f7f36    (31 bytes)</span>
2026-10-03 10:03:12.066 am|<span style="white-space: pre-wrap;">« [RES] [SendDataBridge]<br/>                                   was sent: true</span>
2026-10-03 10:03:12.060 am|<span style="white-space: pre-wrap;">» [ACK]                                                                   (0x06)</span>
2026-10-03 10:03:12.057 am|<span style="white-space: pre-wrap;">« 0x010401a90152                                                       (6 bytes)</span>
2026-10-03 10:03:12.055 am|<span style="white-space: pre-wrap;">« [ACK]                                                                   (0x06)</span>
2026-10-03 10:03:12.048 am|<span style="white-space: pre-wrap;">« [REQ] [SendDataBridge]<br/>                                   callback id:            175<br/>                                   transmit status:        OK, took 10 ms<br/>                                   routing attempts:       1<br/>                                   protocol &amp; route speed: Z-Wave, 100 kbit/s<br/>                                   routing scheme:         LWR<br/>                                   ACK RSSI:               -79 dBm<br/>                                   ACK channel no.:        0<br/>                                   TX channel no.:         0</span>
2026-10-03 10:03:12.050 am|<span style="white-space: pre-wrap;">  one or more queues busy</span>
2026-10-03 10:03:12.049 am|<span style="white-space: pre-wrap;">  all queues idle</span>
2026-10-03 10:03:12.048 am|<span style="white-space: pre-wrap;">  [Node 023] [~] [Binary Switch] currentValue: false =&gt; false       [Endpoint 0]</span>
2026-10-03 10:03:12.044 am|<span style="white-space: pre-wrap;">« [ACK]                                                                   (0x06)</span>
2026-10-03 10:03:12.044 am|<span style="white-space: pre-wrap;">» [ACK]                                                                   (0x06)</span>
2026-10-03 10:03:11.997 am|<span style="white-space: pre-wrap;">» 0x011000a9011704250100ff2500000000af05                              (18 bytes)</span>
2026-10-03 10:03:11.994 am|<span style="white-space: pre-wrap;">» [Node 023] [REQ] [SendDataBridge]<br/>                                 │ source node id:   1<br/>                                 │ transmit options: 0x25<br/>                                 │ callback id:      175<br/>                                 └─[BinarySwitchCCSet]<br/>                                     target value: false</span>
2026-10-03 10:03:11.991 am|<span style="white-space: pre-wrap;">  one or more queues busy</span>
2026-10-03 10:03:11.762 am|<span style="white-space: pre-wrap;">  all queues idle</span>
2026-10-03 10:03:11.760 am|<span style="white-space: pre-wrap;">  [Node 022] [~] [Binary Switch] currentValue: true =&gt; false        [Endpoint 0]</span>
2026-10-03 10:03:11.758 am|<span style="white-space: pre-wrap;">» [ACK]                                                                   (0x06)</span>
2026-10-03 10:03:11.757 am|<span style="white-space: pre-wrap;">« 0x011d00a9ae00000100b27f7f7f7f00000300000000030100007f7f7f7f7f28    (31 bytes)</span>
2026-10-03 10:03:11.755 am|<span style="white-space: pre-wrap;">« [ACK]                                                                   (0x06)</span>
2026-10-03 10:03:11.753 am|<span style="white-space: pre-wrap;">» [Node 022] [REQ] [SendDataBridge]<br/>                                 │ source node id:   1<br/>                                 │ transmit options: 0x25<br/>                                 │ callback id:      174<br/>                                 └─[BinarySwitchCCSet]<br/>                                     target value: false</span>
2026-10-03 10:03:11.704 am|<span style="white-space: pre-wrap;">  one or more queues busy</span>
2026-10-03 10:02:58.664 am|<span style="white-space: pre-wrap;">  all queues idle</span>
2026-10-03 10:02:58.663 am|<span style="white-space: pre-wrap;">« [RES] [GetBackgroundRSSI]<br/>                                   channel 0: -95 dBm<br/>                                   channel 1: -96 dBm<br/>                                   channel 2: -96 dBm<br/>                                   channel 3: N/A</span>
2026-10-03 10:02:58.661 am|<span style="white-space: pre-wrap;">» [ACK]                                                                   (0x06)</span>
2026-10-03 10:02:58.658 am|<span style="white-space: pre-wrap;">« 0x0107013ba1a0a07f1c                                                 (9 bytes)</span>
2026-10-03 10:02:58.656 am|<span style="white-space: pre-wrap;">« [ACK]                                                                   (0x06)</span>
2026-10-03 10:02:58.653 am|<span style="white-space: pre-wrap;">» [REQ] [GetBackgroundRSSI]</span>
2026-10-03 10:02:58.651 am|<span style="white-space: pre-wrap;">  one or more queues busy</span>
2026-10-03 10:02:50.673 am|<span style="white-space: pre-wrap;">« [Node 092] [REQ] [BridgeApplicationCommand]<br/>                                 │ RSSI: -87 dBm<br/>                                 └─[MultiChannelCCCommandEncapsulation]<br/>                                   │ source:      3<br/>                                   │ destination: 0<br/>                                   └─[MultilevelSensorCCReport]<br/>                                       sensor type: Voltage<br/>                                       scale:       Volt<br/>                                       value:       0</span>
2026-10-03 10:02:50.669 am|<span style="white-space: pre-wrap;">» [ACK]                                                                   (0x06)</span>
2026-10-03 10:02:50.666 am|<span style="white-space: pre-wrap;">« 0x011300a800015c0a600d030031050f42000000a9ad                        (21 bytes)</span>
2026-10-03 10:02:40.354 am|<span style="white-space: pre-wrap;">« [Node 018] [REQ] [BridgeApplicationCommand]<br/>                                 │ RSSI: -78 dBm<br/>                                 └─[MeterCCReport]<br/>                                     meter type: Electric<br/>                                     scale:      W<br/>                                     rate type:  Consumed<br/>                                     value:      0<br/>                                     time delta: 0 seconds</span>
2026-10-03 10:02:40.347 am|<span style="white-space: pre-wrap;">» [ACK]                                                                   (0x06)</span>
2026-10-03 10:02:40.342 am|<span style="white-space: pre-wrap;">« 0x011300a80001120a3202217400000000000000b28a                        (21 bytes)</span>
2026-10-03 10:02:40.250 am|<span style="white-space: pre-wrap;">« [Node 018] [REQ] [BridgeApplicationCommand]<br/>                                 │ RSSI: -78 dBm<br/>                                 └─[MeterCCReport]<br/>                                     meter type:  Electric<br/>                                     scale:       kWh<br/>                                     rate type:   Consumed<br/>                                     value:       33.004<br/>                                     time delta:  60 seconds<br/>                                     prev. value: 33.004</span>
2026-10-03 10:02:40.248 am|<span style="white-space: pre-wrap;">  [Node 018] [~] [Meter] value[65537]: 33.004 =&gt; 33.004             [Endpoint 0]</span>
2026-10-03 10:02:40.245 am|<span style="white-space: pre-wrap;">» [ACK]                                                                   (0x06)</span>
2026-10-03 10:02:40.244 am|<span style="white-space: pre-wrap;">« 0x011700a80001120e32022164000080ec003c000080ec00b2a6                (25 bytes)</span>
2026-10-03 10:02:40.151 am|<span style="white-space: pre-wrap;">« [Node 018] [REQ] [BridgeApplicationCommand]<br/>                                 │ RSSI: -78 dBm<br/>                                 └─[MeterCCReport]<br/>                                     meter type: Electric<br/>                                     scale:      A<br/>                                     rate type:  Consumed<br/>                                     value:      0<br/>                                     time delta: 0 seconds</span>
2026-10-03 10:02:40.148 am|<span style="white-space: pre-wrap;">  [Node 018] [~] [Meter] value[66817]: 0 =&gt; 0                       [Endpoint 0]</span>
2026-10-03 10:02:40.144 am|<span style="white-space: pre-wrap;">» [ACK]                                                                   (0x06)</span>
2026-10-03 10:02:40.142 am|<span style="white-space: pre-wrap;">« 0x011300a80001120a3202a16c00000000000000b212                        (21 bytes)</span>
2026-10-03 10:02:40.049 am|<span style="white-space: pre-wrap;">« [Node 018] [REQ] [BridgeApplicationCommand]<br/>                                 │ RSSI: -78 dBm<br/>                                 └─[MeterCCReport]<br/>                                     meter type: Electric<br/>                                     scale:      V<br/>                                     rate type:  Consumed<br/>                                     value:      237.018<br/>                                     time delta: 0 seconds</span>
2026-10-03 10:02:40.046 am|<span style="white-space: pre-wrap;">» [ACK]                                                                   (0x06)</span>
2026-10-03 10:02:40.042 am|<span style="white-space: pre-wrap;">« 0x011300a80001120a3202a16400039dda000000b25e                        (21 bytes)</span>
2026-10-03 10:02:28.664 am|<span style="white-space: pre-wrap;">« [RES] [GetBackgroundRSSI]<br/>                                   channel 0: -95 dBm<br/>                                   channel 1: -96 dBm<br/>                                   channel 2: -96 dBm<br/>                                   channel 3: N/A</span>
2026-10-03 10:02:28.661 am|<span style="white-space: pre-wrap;">» [ACK]                                                                   (0x06)</span>
2026-10-03 10:02:28.658 am|<span style="white-space: pre-wrap;">« 0x0107013ba1a0a07f1c                                                 (9 bytes)</span>
2026-10-03 10:02:28.655 am|<span style="white-space: pre-wrap;">« [ACK]                                                                   (0x06)</span>
2026-10-03 10:02:28.650 am|<span style="white-space: pre-wrap;">  one or more queues busy</span>
2026-10-03 10:02:20.846 am|<span style="white-space: pre-wrap;">« [Node 092] [REQ] [BridgeApplicationCommand]<br/>                                 │ RSSI: -87 dBm<br/>                                 └─[MultiChannelCCCommandEncapsulation]<br/>                                   │ source:      7<br/>                                   │ destination: 0<br/>                                   └─[MultilevelSensorCCReport]<br/>                                       sensor type: Air temperature<br/>                                       scale:       Celsius<br/>                                       value:       32.3</span>
2026-10-03 10:02:20.843 am|<span style="white-space: pre-wrap;">» [ACK]                                                                   (0x06)</span>
2026-10-03 10:02:20.840 am|<span style="white-space: pre-wrap;">« 0x011300a800015c0a600d070031050122014300a985                        (21 bytes)</span>
2026-10-03 10:02:20.673 am|<span style="white-space: pre-wrap;">« [Node 092] [REQ] [BridgeApplicationCommand]<br/>                                 │ RSSI: -87 dBm<br/>                                 └─[MultiChannelCCCommandEncapsulation]<br/>                                   │ source:      4<br/>                                   │ destination: 0<br/>                                   └─[MultilevelSensorCCReport]<br/>                                       sensor type: Voltage<br/>                                       scale:       Volt<br/>                                       value:       21.44</span>
2026-10-03 10:02:20.671 am|<span style="white-space: pre-wrap;">  [Node 092] [~] [Multilevel Sensor] Voltage: 21.44 =&gt; 21.44        [Endpoint 4]</span>
2026-10-03 10:02:20.669 am|<span style="white-space: pre-wrap;">» [ACK]                                                                   (0x06)</span>
2026-10-03 10:02:20.663 am|<span style="white-space: pre-wrap;">« 0x011300a800015c0a600d040031050f42086000a9c2                        (21 bytes)</span>
2026-10-03 10:02:07.242 am|<span style="white-space: pre-wrap;">  [Node 079] [~] [Basic] currentValue: 99 =&gt; 99                     [Endpoint 0]</span>
2026-10-03 10:02:07.244 am|<span style="white-space: pre-wrap;">» [ACK]                                                                   (0x06)</span>
2026-10-03 10:02:07.243 am|<span style="white-space: pre-wrap;">  all queues idle</span>
2026-10-03 10:02:07.242 am|<span style="white-space: pre-wrap;">« [Node 079] [REQ] [BridgeApplicationCommand]<br/>                                 │ RSSI: -80 dBm<br/>                                 └─[BasicCCReport]<br/>                                     current value: 99</span>
2026-10-03 10:02:07.236 am|<span style="white-space: pre-wrap;">« 0x010c00a800014f032003ff00b07a                                      (14 bytes)</span>
2026-10-03 10:02:07.230 am|<span style="white-space: pre-wrap;">» [ACK]                                                                   (0x06)</span>
2026-10-03 10:02:07.225 am|<span style="white-space: pre-wrap;">« 0x011d00a9ab00000100b07f7f7f7f00000300000000030100007f7f7f7f7f2f    (31 bytes)</span>
2026-10-03 10:02:07.212 am|<span style="white-space: pre-wrap;">» [ACK]                                                                   (0x06)</span>
2026-10-03 10:02:07.209 am|<span style="white-space: pre-wrap;">« 0x010401a90152                                                       (6 bytes)</span>
2026-10-03 10:02:07.205 am|<span style="white-space: pre-wrap;">« [ACK]                                                                   (0x06)</span>
2026-10-03 10:02:07.201 am|<span style="white-space: pre-wrap;">» 0x010e00a9014f0220022500000000abb8                                  (16 bytes)</span>
2026-10-03 10:02:07.197 am|<span style="white-space: pre-wrap;">  one or more queues busy</span>
2026-10-03 10:02:06.881 am|<span style="white-space: pre-wrap;">« [Node 079] [REQ] [BridgeApplicationCommand]<br/>                                 │ RSSI: -82 dBm<br/>                                 └─[BinarySwitchCCSet]<br/>                                     target value: true<br/>                                     duration:     default</span>
2026-10-03 10:02:06.879 am|<span style="white-space: pre-wrap;">» [ACK]                                                                   (0x06)</span>
2026-10-03 10:02:06.877 am|<span style="white-space: pre-wrap;">« 0x010d00a800014f042501ffff00ae9a                                    (15 bytes)</span>
2026-10-03 10:02:06.752 am|<span style="white-space: pre-wrap;">  [Node 079] Scheduled poll canceled because expected value was received</span>
2026-10-03 10:02:06.751 am|<span style="white-space: pre-wrap;">  [Node 079] [~] [Binary Switch] currentValue: true =&gt; true         [Endpoint 0]</span>
2026-10-03 10:02:06.747 am|<span style="white-space: pre-wrap;">» [ACK]                                                                   (0x06)</span>
2026-10-03 10:02:06.746 am|<span style="white-space: pre-wrap;">« 0x010c00a800014f032003ff00af65                                      (14 bytes)</span>
2026-10-03 10:02:06.690 am|<span style="white-space: pre-wrap;">  all queues idle</span>
2026-10-03 10:02:06.686 am|<span style="white-space: pre-wrap;">  [Node 079] [~] [Binary Switch] currentValue: true =&gt; true         [Endpoint 0]</span>
2026-10-03 10:02:06.682 am|<span style="white-space: pre-wrap;">» [ACK]                                                                   (0x06)</span>
2026-10-03 10:02:06.677 am|<span style="white-space: pre-wrap;">« 0x011d00a9aa00000100af7f7f7f7f00000300000000030100007f7f7f7f7f31    (31 bytes)</span>
2026-10-03 10:02:06.665 am|<span style="white-space: pre-wrap;">« [RES] [SendDataBridge]<br/>                                   was sent: true</span>
2026-10-03 10:02:06.662 am|<span style="white-space: pre-wrap;">« 0x010401a90152                                                       (6 bytes)</span>
2026-10-03 10:02:06.658 am|<span style="white-space: pre-wrap;">« [ACK]                                                                   (0x06)</span>
2026-10-03 10:02:06.654 am|<span style="white-space: pre-wrap;">» [Node 079] [REQ] [SendDataBridge]<br/>                                 │ source node id:   1<br/>                                 │ transmit options: 0x25<br/>                                 │ callback id:      170<br/>                                 └─[BinarySwitchCCSet]<br/>                                     target value: true</span>
2026-10-03 10:02:06.651 am|<span style="white-space: pre-wrap;">  one or more queues busy</span>
2026-10-03 10:02:02.023 am|<span style="white-space: pre-wrap;">  all queues idle</span>
2026-10-03 10:02:02.020 am|<span style="white-space: pre-wrap;">« [Node 079] node neighbors received: 1, 2, 3, 4, 5, 21, 22, 23, 24, 26, 27, 28,<br/>                                  44, 46, 58, 59, 60, 61, 62, 63, 64, 65, 77, 83, 89, 99, 102</span>
2026-10-03 10:02:02.018 am|<span style="white-space: pre-wrap;">« [RES] [GetRoutingInfo]<br/>                                   node ids: 1, 2, 3, 4, 5, 21, 22, 23, 24, 26, 27, 28, 44, 46, 58, 59, 60, 61,<br/>                                              62, 63, 64, 65, 77, 83, 89, 99, 102</span>
2026-10-03 10:02:02.016 am|<span style="white-space: pre-wrap;">» [ACK]                                                                   (0x06)</span>
2026-10-03 10:02:02.014 am|<span style="white-space: pre-wrap;">« 0x012001801f00f00e002800fe01100401240000000000000000000000000000000 (34 bytes)<br/>                                 059</span>
2026-10-03 10:02:02.011 am|<span style="white-space: pre-wrap;">« [ACK]                                                                   (0x06)</span>
2026-10-03 10:02:02.008 am|<span style="white-space: pre-wrap;">» 0x010600804f000036                                                   (8 bytes)</span>
2026-10-03 10:02:02.005 am|<span style="white-space: pre-wrap;">  one or more queues busy</span>
2026-10-03 10:02:02.001 am|<span style="white-space: pre-wrap;">» [Node 079] requesting node neighbors...</span>
2026-10-03 10:02:01.855 am|<span style="white-space: pre-wrap;">« [Node 079] Received updated node info</span>
2026-10-03 10:02:01.852 am|<span style="white-space: pre-wrap;">» [ACK]                                                                   (0x06)</span>
2026-10-03 10:02:01.847 am|<span style="white-space: pre-wrap;">« 0x011a0049844f140410015e25263370273281855972867a73ef5a82fa          (28 bytes)</span>
2026-10-03 10:02:01.553 am|<span style="white-space: pre-wrap;">  [Node 079] [~] [Binary Switch] currentValue: false =&gt; true        [Endpoint 0]</span>
2026-10-03 10:02:01.551 am|<span style="white-space: pre-wrap;">» [ACK]                                                                   (0x06)</span>
2026-10-03 10:02:01.547 am|<span style="white-space: pre-wrap;">« 0x010c00a800014f032003ff00b379                                      (14 bytes)</span>
2026-10-03 10:02:00.642 am|<span style="white-space: pre-wrap;">  all queues idle</span>
2026-10-03 10:02:00.640 am|<span style="white-space: pre-wrap;">» [ACK]                                                                   (0x06)</span>
2026-10-03 10:02:00.637 am|<span style="white-space: pre-wrap;">« 0x012001801f00f00e002800fe01100401240000000000000000000000000000000 (34 bytes)<br/>                                 059</span>
2026-10-03 10:02:00.633 am|<span style="white-space: pre-wrap;">« [ACK]                                                                   (0x06)</span>
2026-10-03 10:02:00.629 am|<span style="white-space: pre-wrap;">» 0x010600804f000036                                                   (8 bytes)</span>
2026-10-03 10:02:00.626 am|<span style="white-space: pre-wrap;">  one or more queues busy</span>
2026-10-03 10:02:00.623 am|<span style="white-space: pre-wrap;">» [Node 079] requesting node neighbors...</span>
2026-10-03 10:02:00.537 am|<span style="white-space: pre-wrap;">« [Node 079] Received updated node info</span>
2026-10-03 10:02:00.533 am|<span style="white-space: pre-wrap;">« [Node 079] [REQ] [ApplicationUpdateRequest]</span>
2026-10-03 10:02:00.532 am|<span style="white-space: pre-wrap;">» [ACK]                                                                   (0x06)</span>
2026-10-03 10:02:00.528 am|<span style="white-space: pre-wrap;">« 0x011a0049844f140410015e25263370273281855972867a73ef5a82fa          (28 bytes)</span>
2026-10-03 10:02:00.158 am|<span style="white-space: pre-wrap;">  [Node 079] [~] [Binary Switch] currentValue: true =&gt; false        [Endpoint 0]</span>
2026-10-03 10:02:00.154 am|<span style="white-space: pre-wrap;">» [ACK]                                                                   (0x06)</span>
2026-10-03 10:02:00.149 am|<span style="white-space: pre-wrap;">« 0x010c00a800014f0320030000b287                                      (14 bytes)</span>
2026-10-03 10:01:59.697 am|<span style="white-space: pre-wrap;">  all queues idle</span>
2026-10-03 10:01:59.696 am|<span style="white-space: pre-wrap;">  [Node 079] [~] [Basic] currentValue: 99 =&gt; 99                     [Endpoint 0]</span>
2026-10-03 10:01:59.693 am|<span style="white-space: pre-wrap;">» [ACK]                                                                   (0x06)</span>
2026-10-03 10:01:59.689 am|<span style="white-space: pre-wrap;">« 0x010c00a800014f032003ff00b278                                      (14 bytes)</span>
2026-10-03 10:01:59.684 am|<span style="white-space: pre-wrap;">» [ACK]                                                                   (0x06)</span>
2026-10-03 10:01:59.680 am|<span style="white-space: pre-wrap;">« 0x011d00a9a700000100b27f7f7f7f00000300000000030100007f7f7f7f7f21    (31 bytes)</span>
2026-10-03 10:01:59.668 am|<span style="white-space: pre-wrap;">« [RES] [SendDataBridge]<br/>                                   was sent: true</span>
2026-10-03 10:01:59.665 am|<span style="white-space: pre-wrap;">« 0x010401a90152                                                       (6 bytes)</span>
2026-10-03 10:01:59.662 am|<span style="white-space: pre-wrap;">« [ACK]                                                                   (0x06)</span>
2026-10-03 10:01:59.657 am|<span style="white-space: pre-wrap;">» [Node 079] [REQ] [SendDataBridge]<br/>                                 │ source node id:   1<br/>                                 │ transmit options: 0x25<br/>                                 │ callback id:      167<br/>                                 └─[BasicCCGet]</span>
2026-10-03 10:01:59.654 am|<span style="white-space: pre-wrap;">  one or more queues busy</span>
2026-10-03 10:01:59.250 am|<span style="white-space: pre-wrap;">» [ACK]                                                                   (0x06)</span>
2026-10-03 10:01:59.246 am|<span style="white-space: pre-wrap;">« 0x010d00a800014f042501ffff00b387                                    (15 bytes)</span>
2026-10-03 10:01:59.159 am|<span style="white-space: pre-wrap;">  [Node 079] Scheduled poll canceled because expected value was received</span>
2026-10-03 10:01:59.156 am|<span style="white-space: pre-wrap;">  [Node 079] [~] [Binary Switch] currentValue: true =&gt; true         [Endpoint 0]</span>
2026-10-03 10:01:59.154 am|<span style="white-space: pre-wrap;">» [ACK]                                                                   (0x06)</span>
2026-10-03 10:01:59.148 am|<span style="white-space: pre-wrap;">  all queues idle</span>
2026-10-03 10:01:59.144 am|<span style="white-space: pre-wrap;">  [Node 079] [~] [Binary Switch] currentValue: true =&gt; true         [Endpoint 0]</span>
2026-10-03 10:01:59.141 am|<span style="white-space: pre-wrap;">« [REQ] [SendDataBridge]<br/>                                   callback id:            166<br/>                                   transmit status:        OK, took 10 ms<br/>                                   routing attempts:       1<br/>                                   protocol &amp; route speed: Z-Wave, 100 kbit/s<br/>                                   routing scheme:         LWR<br/>                                   ACK RSSI:               -77 dBm<br/>                                   ACK channel no.:        0<br/>                                   TX channel no.:         0</span>
2026-10-03 10:01:59.137 am|<span style="white-space: pre-wrap;">» [ACK]                                                                   (0x06)</span>
2026-10-03 10:01:59.136 am|<span style="white-space: pre-wrap;">« 0x011d00a9a600000100b37f7f7f7f00000300000000030100007f7f7f7f7f21    (31 bytes)</span>
2026-10-03 10:01:59.124 am|<span style="white-space: pre-wrap;">« [RES] [SendDataBridge]<br/>                                   was sent: true</span>
2026-10-03 10:01:59.122 am|<span style="white-space: pre-wrap;">» [ACK]                                                                   (0x06)</span>
2026-10-03 10:01:59.120 am|<span style="white-space: pre-wrap;">« 0x010401a90152                                                       (6 bytes)</span>
2026-10-03 10:01:59.116 am|<span style="white-space: pre-wrap;">« [ACK]                                                                   (0x06)</span>
2026-10-03 10:01:59.110 am|<span style="white-space: pre-wrap;">» [Node 079] [REQ] [SendDataBridge]<br/>                                 │ source node id:   1<br/>                                 │ transmit options: 0x25<br/>                                 │ callback id:      166<br/>                                 └─[BinarySwitchCCSet]<br/>                                     target value: true</span>
2026-10-03 10:01:59.108 am|<span style="white-space: pre-wrap;">  one or more queues busy</span>
2026-10-03 10:01:58.662 am|<span style="white-space: pre-wrap;">  all queues idle</span>
2026-10-03 10:01:58.660 am|<span style="white-space: pre-wrap;">» [ACK]                                                                   (0x06)</span>
2026-10-03 10:01:58.657 am|<span style="white-space: pre-wrap;">« 0x0107013ba19e9e7f1c                                                 (9 bytes)</span>
2026-10-03 10:01:58.655 am|<span style="white-space: pre-wrap;">« [ACK]                                                                   (0x06)</span>
2026-10-03 10:01:58.651 am|<span style="white-space: pre-wrap;">» 0x0103003bc7                                                         (5 bytes)</span>
2026-10-03 10:01:58.649 am|<span style="white-space: pre-wrap;">  one or more queues busy</span>
2026-10-03 10:01:53.646 am|<span style="white-space: pre-wrap;">  all queues idle</span>
2026-10-03 10:01:53.641 am|<span style="white-space: pre-wrap;">« [Node 079] [REQ] [BridgeApplicationCommand]<br/>                                 │ RSSI: -79 dBm<br/>                                 └─[BasicCCReport]<br/>                                     current value: 99</span>
2026-10-03 10:01:53.641 am|<span style="white-space: pre-wrap;">» [ACK]                                                                   (0x06)</span>
2026-10-03 10:01:53.637 am|<span style="white-space: pre-wrap;">« 0x010c00a800014f032003ff00b17b                                      (14 bytes)</span>
2026-10-03 10:01:53.636 am|<span style="white-space: pre-wrap;">« [REQ] [SendDataBridge]<br/>                                   callback id:            164<br/>                                   transmit status:        OK, took 10 ms<br/>                                   routing attempts:       1<br/>                                   protocol &amp; route speed: Z-Wave, 100 kbit/s<br/>                                   routing scheme:         LWR<br/>                                   ACK RSSI:               -79 dBm<br/>                                   ACK channel no.:        0<br/>                                   TX channel no.:         0</span>
2026-10-03 10:01:53.632 am|<span style="white-space: pre-wrap;">» [ACK]                                                                   (0x06)</span>
2026-10-03 10:01:53.631 am|<span style="white-space: pre-wrap;">« 0x011d00a9a400000100b17f7f7f7f00000300000000030100007f7f7f7f7f21    (31 bytes)</span>
2026-10-03 10:01:53.616 am|<span style="white-space: pre-wrap;">« [RES] [SendDataBridge]<br/>                                   was sent: true</span>
2026-10-03 10:01:53.614 am|<span style="white-space: pre-wrap;">» [ACK]                                                                   (0x06)</span>
2026-10-03 10:01:53.612 am|<span style="white-space: pre-wrap;">« 0x010401a90152                                                       (6 bytes)</span>
2026-10-03 10:01:53.609 am|<span style="white-space: pre-wrap;">« [ACK]                                                                   (0x06)</span>
2026-10-03 10:01:53.606 am|<span style="white-space: pre-wrap;">» 0x010e00a9014f0220022500000000a4b7                                  (16 bytes)</span>
2026-10-03 10:01:53.604 am|<span style="white-space: pre-wrap;">» [Node 079] [REQ] [SendDataBridge]<br/>                                 │ source node id:   1<br/>                                 │ transmit options: 0x25<br/>                                 │ callback id:      164<br/>                                 └─[BasicCCGet]</span>
2026-10-03 10:01:53.603 am|<span style="white-space: pre-wrap;">  one or more queues busy</span>
2026-10-03 10:01:53.252 am|<span style="white-space: pre-wrap;">« [Node 079] [REQ] [BridgeApplicationCommand]<br/>                                 │ RSSI: -82 dBm<br/>                                 └─[BinarySwitchCCSet]<br/>                                     target value: true<br/>                                     duration:     default</span>
2026-10-03 10:01:53.249 am|<span style="white-space: pre-wrap;">» [ACK]                                                                   (0x06)</span>
2026-10-03 10:01:53.246 am|<span style="white-space: pre-wrap;">« 0x010d00a800014f042501ffff00ae9a                                    (15 bytes)</span>
2026-10-03 10:01:53.156 am|<span style="white-space: pre-wrap;">  [Node 079] Scheduled poll canceled because expected value was received</span>
2026-10-03 10:01:53.153 am|<span style="white-space: pre-wrap;">» [ACK]                                                                   (0x06)</span>
2026-10-03 10:01:53.145 am|<span style="white-space: pre-wrap;">« 0x010c00a800014f032003ff00ad67                                      (14 bytes)</span>
2026-10-03 10:01:53.097 am|<span style="white-space: pre-wrap;">  all queues idle</span>
2026-10-03 10:01:53.093 am|<span style="white-space: pre-wrap;">  [Node 079] [~] [Binary Switch] currentValue: true =&gt; true         [Endpoint 0]</span>
2026-10-03 10:01:53.090 am|<span style="white-space: pre-wrap;">« [REQ] [SendDataBridge]<br/>                                   callback id:            163<br/>                                   transmit status:        OK, took 10 ms<br/>                                   routing attempts:       1<br/>                                   protocol &amp; route speed: Z-Wave, 100 kbit/s<br/>                                   routing scheme:         LWR<br/>                                   ACK RSSI:               -83 dBm<br/>                                   ACK channel no.:        0<br/>                                   TX channel no.:         0</span>
2026-10-03 10:01:53.087 am|<span style="white-space: pre-wrap;">» [ACK]                                                                   (0x06)</span>
2026-10-03 10:01:53.083 am|<span style="white-space: pre-wrap;">« 0x011d00a9a300000100ad7f7f7f7f00000300000000030100007f7f7f7f7f3a    (31 bytes)</span>
2026-10-03 10:01:53.070 am|<span style="white-space: pre-wrap;">» [ACK]                                                                   (0x06)</span>
2026-10-03 10:01:53.067 am|<span style="white-space: pre-wrap;">« 0x010401a90152                                                       (6 bytes)</span>
2026-10-03 10:01:53.064 am|<span style="white-space: pre-wrap;">« [ACK]                                                                   (0x06)</span>
2026-10-03 10:01:53.061 am|<span style="white-space: pre-wrap;">» 0x011000a9014f042501ffff2500000000a3ae                              (18 bytes)</span>
2026-10-03 10:01:53.058 am|<span style="white-space: pre-wrap;">» [Node 079] [REQ] [SendDataBridge]<br/>                                 │ source node id:   1<br/>                                 │ transmit options: 0x25<br/>                                 │ callback id:      163<br/>                                 └─[BinarySwitchCCSet]<br/>                                     target value: true</span>
2026-10-03 10:01:53.056 am|<span style="white-space: pre-wrap;">  one or more queues busy</span>
2026-10-03 10:01:50.674 am|<span style="white-space: pre-wrap;">« [Node 092] [REQ] [BridgeApplicationCommand]<br/>                                 │ RSSI: -87 dBm<br/>                                 └─[MultiChannelCCCommandEncapsulation]<br/>                                   │ source:      3<br/>                                   │ destination: 0<br/>                                   └─[MultilevelSensorCCReport]<br/>                                       sensor type: Voltage<br/>                                       scale:       Volt<br/>                                       value:       0</span>
2026-10-03 10:01:50.669 am|<span style="white-space: pre-wrap;">  [Node 092] [~] [Multilevel Sensor] Voltage: 0.02 =&gt; 0             [Endpoint 3]</span>
2026-10-03 10:01:50.667 am|<span style="white-space: pre-wrap;">» [ACK]                                                                   (0x06)</span>
2026-10-03 10:01:50.664 am|<span style="white-space: pre-wrap;">« 0x011300a800015c0a600d030031050f42000000a9ad                        (21 bytes)</span>
2026-10-03 10:01:49.126 am|<span style="white-space: pre-wrap;">  all queues idle</span>
2026-10-03 10:01:49.120 am|<span style="white-space: pre-wrap;">  [Node 079] [~] [Basic] currentValue: 99 =&gt; 99                     [Endpoint 0]</span>
2026-10-03 10:01:49.116 am|<span style="white-space: pre-wrap;">» [ACK]                                                                   (0x06)</span>
2026-10-03 10:01:49.115 am|<span style="white-space: pre-wrap;">« 0x010c00a800014f032003ff00af65                                      (14 bytes)</span>
2026-10-03 10:01:49.111 am|<span style="white-space: pre-wrap;">« [REQ] [SendDataBridge]<br/>                                   callback id:            162<br/>                                   transmit status:        OK, took 10 ms<br/>                                   routing attempts:       1<br/>                                   protocol &amp; route speed: Z-Wave, 100 kbit/s<br/>                                   routing scheme:         LWR<br/>                                   ACK RSSI:               -80 dBm<br/>                                   ACK channel no.:        0<br/>                                   TX channel no.:         0</span>
2026-10-03 10:01:49.096 am|<span style="white-space: pre-wrap;">« [RES] [SendDataBridge]<br/>                                   was sent: true</span>
2026-10-03 10:01:49.092 am|<span style="white-space: pre-wrap;">« 0x010401a90152                                                       (6 bytes)</span>
2026-10-03 10:01:49.086 am|<span style="white-space: pre-wrap;">« [ACK]                                                                   (0x06)</span>
2026-10-03 10:01:49.081 am|<span style="white-space: pre-wrap;">» 0x010e00a9014f0220022500000000a2b1                                  (16 bytes)</span>
2026-10-03 10:01:49.079 am|<span style="white-space: pre-wrap;">» [Node 079] [REQ] [SendDataBridge]<br/>                                 │ source node id:   1<br/>                                 │ transmit options: 0x25<br/>                                 │ callback id:      162<br/>                                 └─[BasicCCGet]</span>
2026-10-03 10:01:49.078 am|<span style="white-space: pre-wrap;">  one or more queues busy</span>
2026-10-03 10:01:48.749 am|<span style="white-space: pre-wrap;">» [ACK]                                                                   (0x06)</span>
2026-10-03 10:01:48.746 am|<span style="white-space: pre-wrap;">« 0x010d00a800014f042501ffff00b084                                    (15 bytes)</span>
2026-10-03 10:01:48.653 am|<span style="white-space: pre-wrap;">  [Node 079] Scheduled poll canceled because expected value was received</span>
2026-10-03 10:01:48.651 am|<span style="white-space: pre-wrap;">  [Node 079] [~] [Binary Switch] currentValue: true =&gt; true         [Endpoint 0]</span>
2026-10-03 10:01:48.648 am|<span style="white-space: pre-wrap;">» [ACK]                                                                   (0x06)</span>
2026-10-03 10:01:48.646 am|<span style="white-space: pre-wrap;">« 0x010c00a800014f032003ff00b07a                                      (14 bytes)</span>
2026-10-03 10:01:48.573 am|<span style="white-space: pre-wrap;">  all queues idle</span>
2026-10-03 10:01:48.570 am|<span style="white-space: pre-wrap;">  [Node 079] [~] [Binary Switch] currentValue: true =&gt; true         [Endpoint 0]</span>
2026-10-03 10:01:48.567 am|<span style="white-space: pre-wrap;">« [REQ] [SendDataBridge]<br/>                                   callback id:            161<br/>                                   transmit status:        OK, took 10 ms<br/>                                   routing attempts:       1<br/>                                   protocol &amp; route speed: Z-Wave, 100 kbit/s<br/>                                   routing scheme:         LWR<br/>                                   ACK RSSI:               -82 dBm<br/>                                   ACK channel no.:        0<br/>                                   TX channel no.:         0</span>
2026-10-03 10:01:48.563 am|<span style="white-space: pre-wrap;">« 0x011d00a9a100000100ae7f7f7f7f00000300000000030100007f7f7f7f7f3b    (31 bytes)</span>
2026-10-03 10:01:48.550 am|<span style="white-space: pre-wrap;">» [ACK]                                                                   (0x06)</span>
2026-10-03 10:01:48.547 am|<span style="white-space: pre-wrap;">« 0x010401a90152                                                       (6 bytes)</span>
2026-10-03 10:01:48.543 am|<span style="white-space: pre-wrap;">« [ACK]                                                                   (0x06)</span>
2026-10-03 10:01:48.541 am|<span style="white-space: pre-wrap;">» 0x011000a9014f042501ffff2500000000a1ac                              (18 bytes)</span>
2026-10-03 10:01:48.538 am|<span style="white-space: pre-wrap;">» [Node 079] [REQ] [SendDataBridge]<br/>                                 │ source node id:   1<br/>                                 │ transmit options: 0x25<br/>                                 │ callback id:      161<br/>                                 └─[BinarySwitchCCSet]<br/>                                     target value: true</span>
2026-10-03 10:01:48.536 am|<span style="white-space: pre-wrap;">  one or more queues busy</span>
2026-10-03 10:01:46.114 am|<span style="white-space: pre-wrap;">  all queues idle</span>
2026-10-03 10:01:46.106 am|<span style="white-space: pre-wrap;">» [ACK]                                                                   (0x06)</span>
2026-10-03 10:01:46.107 am|<span style="white-space: pre-wrap;">  [Node 079] [~] [Basic] currentValue: 99 =&gt; 99                     [Endpoint 0]</span>
2026-10-03 10:01:46.104 am|<span style="white-space: pre-wrap;">« 0x010c00a800014f032003ff00b07a                                      (14 bytes)</span>
2026-10-03 10:01:46.101 am|<span style="white-space: pre-wrap;">« [REQ] [SendDataBridge]<br/>                                   callback id:            160<br/>                                   transmit status:        OK, took 10 ms<br/>                                   routing attempts:       1<br/>                                   protocol &amp; route speed: Z-Wave, 100 kbit/s<br/>                                   routing scheme:         LWR<br/>                                   ACK RSSI:               -81 dBm<br/>                                   ACK channel no.:        0<br/>                                   TX channel no.:         0</span>
2026-10-03 10:01:46.097 am|<span style="white-space: pre-wrap;">» [ACK]                                                                   (0x06)</span>
2026-10-03 10:01:46.093 am|<span style="white-space: pre-wrap;">« 0x011d00a9a000000100af7f7f7f7f00000300000000030100007f7f7f7f7f3b    (31 bytes)</span>
2026-10-03 10:01:46.079 am|<span style="white-space: pre-wrap;">» [ACK]                                                                   (0x06)</span>
2026-10-03 10:01:46.076 am|<span style="white-space: pre-wrap;">« 0x010401a90152                                                       (6 bytes)</span>
2026-10-03 10:01:46.073 am|<span style="white-space: pre-wrap;">« [ACK]                                                                   (0x06)</span>
2026-10-03 10:01:46.070 am|<span style="white-space: pre-wrap;">» 0x010e00a9014f0220022500000000a0b3                                  (16 bytes)</span>
2026-10-03 10:01:46.067 am|<span style="white-space: pre-wrap;">» [Node 079] [REQ] [SendDataBridge]<br/>                                 │ source node id:   1<br/>                                 │ transmit options: 0x25<br/>                                 │ callback id:      160<br/>                                 └─[BasicCCGet]</span>
2026-10-03 10:01:46.066 am|<span style="white-space: pre-wrap;">  one or more queues busy</span>
2026-10-03 10:01:45.749 am|<span style="white-space: pre-wrap;">« [Node 079] [REQ] [BridgeApplicationCommand]<br/>                                 │ RSSI: -82 dBm<br/>                                 └─[BinarySwitchCCSet]<br/>                                     target value: true<br/>                                     duration:     default</span>
2026-10-03 10:01:45.747 am|<span style="white-space: pre-wrap;">» [ACK]                                                                   (0x06)</span>
2026-10-03 10:01:45.651 am|<span style="white-space: pre-wrap;">  [Node 079] [~] [Binary Switch] currentValue: true =&gt; true         [Endpoint 0]</span>
2026-10-03 10:01:45.649 am|<span style="white-space: pre-wrap;">» [ACK]                                                                   (0x06)</span>
2026-10-03 10:01:45.646 am|<span style="white-space: pre-wrap;">« 0x010c00a800014f032003ff00ae64                                      (14 bytes)</span>
2026-10-03 10:01:45.556 am|<span style="white-space: pre-wrap;">  all queues idle</span>
2026-10-03 10:01:45.555 am|<span style="white-space: pre-wrap;">  [Node 079] [~] [Binary Switch] currentValue: true =&gt; true         [Endpoint 0]</span>
2026-10-03 10:01:45.552 am|<span style="white-space: pre-wrap;">» [ACK]                                                                   (0x06)</span>
2026-10-03 10:01:45.549 am|<span style="white-space: pre-wrap;">« 0x011d00a99f00000100ad7f7f7f7f00000300000000030100007f7f7f7f7f06    (31 bytes)</span>
2026-10-03 10:01:45.538 am|<span style="white-space: pre-wrap;">« [RES] [SendDataBridge]<br/>                                   was sent: true</span>
2026-10-03 10:01:45.535 am|<span style="white-space: pre-wrap;">« 0x010401a90152                                                       (6 bytes)</span>
2026-10-03 10:01:45.530 am|<span style="white-space: pre-wrap;">« [ACK]                                                                   (0x06)</span>
2026-10-03 10:01:45.527 am|<span style="white-space: pre-wrap;">» 0x011000a9014f042501ffff25000000009f92                              (18 bytes)</span>
2026-10-03 10:01:45.523 am|<span style="white-space: pre-wrap;">  one or more queues busy</span>
2026-10-03 10:01:44.592 am|<span style="white-space: pre-wrap;">  all queues idle</span>
2026-10-03 10:01:44.590 am|<span style="white-space: pre-wrap;">  [Node 079] [~] [Basic] currentValue: 99 =&gt; 99                     [Endpoint 0]</span>
2026-10-03 10:01:44.587 am|<span style="white-space: pre-wrap;">« [Node 079] [REQ] [BridgeApplicationCommand]<br/>                                 │ RSSI: -84 dBm<br/>                                 └─[BasicCCReport]<br/>                                     current value: 99</span>
2026-10-03 10:01:44.586 am|<span style="white-space: pre-wrap;">» [ACK]                                                                   (0x06)</span>
2026-10-03 10:01:44.582 am|<span style="white-space: pre-wrap;">« [REQ] [SendDataBridge]<br/>                                   callback id:            158<br/>                                   transmit status:        OK, took 10 ms<br/>                                   routing attempts:       1<br/>                                   protocol &amp; route speed: Z-Wave, 100 kbit/s<br/>                                   routing scheme:         LWR<br/>                                   ACK RSSI:               -84 dBm<br/>                                   ACK channel no.:        0<br/>                                   TX channel no.:         0</span>
2026-10-03 10:01:44.579 am|<span style="white-space: pre-wrap;">» [ACK]                                                                   (0x06)</span>
2026-10-03 10:01:44.577 am|<span style="white-space: pre-wrap;">« 0x011d00a99e00000100ac7f7f7f7f00000300000000030100007f7f7f7f7f06    (31 bytes)</span>
2026-10-03 10:01:44.567 am|<span style="white-space: pre-wrap;">« [RES] [SendDataBridge]<br/>                                   was sent: true</span>
2026-10-03 10:01:44.563 am|<span style="white-space: pre-wrap;">« 0x010401a90152                                                       (6 bytes)</span>
2026-10-03 10:01:44.560 am|<span style="white-space: pre-wrap;">« [ACK]                                                                   (0x06)</span>
2026-10-03 10:01:44.557 am|<span style="white-space: pre-wrap;">» 0x010e00a9014f02200225000000009e8d                                  (16 bytes)</span>
2026-10-03 10:01:44.553 am|<span style="white-space: pre-wrap;">  one or more queues busy</span>
2026-10-03 10:01:44.151 am|<span style="white-space: pre-wrap;">» [ACK]                                                                   (0x06)</span>
2026-10-03 10:01:44.148 am|<span style="white-space: pre-wrap;">« 0x010d00a800014f042501ffff00ab9f                                    (15 bytes)</span>
2026-10-03 10:01:44.054 am|<span style="white-space: pre-wrap;">« [Node 079] [REQ] [BridgeApplicationCommand]<br/>                                 │ RSSI: -84 dBm<br/>                                 └─[BasicCCReport]<br/>                                     current value: 99</span>
2026-10-03 10:01:44.055 am|<span style="white-space: pre-wrap;">  [Node 079] Scheduled poll canceled because expected value was received</span>
2026-10-03 10:01:44.054 am|<span style="white-space: pre-wrap;">« 0x010c00a800014f032003ff00ac66                                      (14 bytes)</span>
2026-10-03 10:01:44.047 am|<span style="white-space: pre-wrap;">  all queues idle</span>
2026-10-03 10:01:44.041 am|<span style="white-space: pre-wrap;">« [REQ] [SendDataBridge]<br/>                                   callback id:            157<br/>                                   transmit status:        OK, took 10 ms<br/>                                   routing attempts:       1<br/>                                   protocol &amp; route speed: Z-Wave, 100 kbit/s<br/>                                   routing scheme:         LWR<br/>                                   ACK RSSI:               -84 dBm<br/>                                   ACK channel no.:        0<br/>                                   TX channel no.:         0</span>
2026-10-03 10:01:44.038 am|<span style="white-space: pre-wrap;">» [ACK]                                                                   (0x06)</span>
2026-10-03 10:01:44.036 am|<span style="white-space: pre-wrap;">« 0x011d00a99d00000100ac7f7f7f7f00000300000000030100007f7f7f7f7f05    (31 bytes)</span>
2026-10-03 10:01:44.025 am|<span style="white-space: pre-wrap;">» [ACK]                                                                   (0x06)</span>
2026-10-03 10:01:44.022 am|<span style="white-space: pre-wrap;">« 0x010401a90152                                                       (6 bytes)</span>
2026-10-03 10:01:44.018 am|<span style="white-space: pre-wrap;">« [ACK]                                                                   (0x06)</span>
2026-10-03 10:01:44.013 am|<span style="white-space: pre-wrap;">» [Node 079] [REQ] [SendDataBridge]<br/>                                 │ source node id:   1<br/>                                 │ transmit options: 0x25<br/>                                 │ callback id:      157<br/>                                 └─[BinarySwitchCCSet]<br/>                                     target value: true</span>
2026-10-03 10:01:44.010 am|<span style="white-space: pre-wrap;">  one or more queues busy</span>
2026-10-03 10:01:42.927 am|<span style="white-space: pre-wrap;">  [Node 079] [~] [Basic] currentValue: 0 =&gt; 99                      [Endpoint 0]</span>
2026-10-03 10:01:42.925 am|<span style="white-space: pre-wrap;">« [Node 079] [REQ] [BridgeApplicationCommand]<br/>                                 │ RSSI: -88 dBm<br/>                                 └─[BasicCCReport]<br/>                                     current value: 99</span>
2026-10-03 10:01:42.922 am|<span style="white-space: pre-wrap;">» [ACK]                                                                   (0x06)</span>
2026-10-03 10:01:42.919 am|<span style="white-space: pre-wrap;">« 0x010c00a800014f032003ff00a862                                      (14 bytes)</span>
2026-10-03 10:01:42.916 am|<span style="white-space: pre-wrap;">» [ACK]                                                                   (0x06)</span>
2026-10-03 10:01:42.912 am|<span style="white-space: pre-wrap;">« 0x011d00a99c00000100a97f7f7f7f00000300000000030100007f7f7f7f7f01    (31 bytes)</span>
2026-10-03 10:01:42.903 am|<span style="white-space: pre-wrap;">« [RES] [SendDataBridge]<br/>                                   was sent: true</span>
2026-10-03 10:01:42.900 am|<span style="white-space: pre-wrap;">» [ACK]                                                                   (0x06)</span>
2026-10-03 10:01:42.897 am|<span style="white-space: pre-wrap;">« 0x010401a90152                                                       (6 bytes)</span>
2026-10-03 10:01:42.895 am|<span style="white-space: pre-wrap;">« [ACK]                                                                   (0x06)</span>
2026-10-03 10:01:42.890 am|<span style="white-space: pre-wrap;">» 0x010e00a9014f02200225000000009c8f                                  (16 bytes)</span>
2026-10-03 10:01:42.887 am|<span style="white-space: pre-wrap;">  one or more queues busy</span>
2026-10-03 10:01:42.548 am|<span style="white-space: pre-wrap;">» [ACK]                                                                   (0x06)</span>
2026-10-03 10:01:42.546 am|<span style="white-space: pre-wrap;">« 0x010d00a800014f042501ffff00a89c                                    (15 bytes)</span>
2026-10-03 10:01:42.454 am|<span style="white-space: pre-wrap;">  [Node 079] Scheduled poll canceled because expected value was received</span>
2026-10-03 10:01:42.452 am|<span style="white-space: pre-wrap;">  [Node 079] [~] [Binary Switch] currentValue: true =&gt; true         [Endpoint 0]</span>
2026-10-03 10:01:42.449 am|<span style="white-space: pre-wrap;">» [ACK]                                                                   (0x06)</span>
2026-10-03 10:01:42.446 am|<span style="white-space: pre-wrap;">« 0x010c00a800014f032003ff00a862                                      (14 bytes)</span>
2026-10-03 10:01:42.376 am|<span style="white-space: pre-wrap;">  [Node 079] [~] [Binary Switch] currentValue: false =&gt; true        [Endpoint 0]</span>
2026-10-03 10:01:42.373 am|<span style="white-space: pre-wrap;">« [REQ] [SendDataBridge]<br/>                                   callback id:            155<br/>                                   transmit status:        OK, took 10 ms<br/>                                   routing attempts:       1<br/>                                   protocol &amp; route speed: Z-Wave, 100 kbit/s<br/>                                   routing scheme:         LWR<br/>                                   ACK RSSI:               -88 dBm<br/>                                   ACK channel no.:        0<br/>                                   TX channel no.:         0</span>
2026-10-03 10:01:42.370 am|<span style="white-space: pre-wrap;">» [ACK]                                                                   (0x06)</span>
2026-10-03 10:01:42.366 am|<span style="white-space: pre-wrap;">« 0x011d00a99b00000100a87f7f7f7f00000300000000030100007f7f7f7f7f07    (31 bytes)</span>
2026-10-03 10:01:42.353 am|<span style="white-space: pre-wrap;">« [RES] [SendDataBridge]<br/>                                   was sent: true</span>
2026-10-03 10:01:42.350 am|<span style="white-space: pre-wrap;">« 0x010401a90152                                                       (6 bytes)</span>
2026-10-03 10:01:42.347 am|<span style="white-space: pre-wrap;">« [ACK]                                                                   (0x06)</span>
2026-10-03 10:01:42.342 am|<span style="white-space: pre-wrap;">» [Node 079] [REQ] [SendDataBridge]<br/>                                 │ source node id:   1<br/>                                 │ transmit options: 0x25<br/>                                 │ callback id:      155<br/>                                 └─[BinarySwitchCCSet]<br/>                                     target value: true</span>
2026-10-03 10:01:42.339 am|<span style="white-space: pre-wrap;">  one or more queues busy</span>
2026-10-03 10:01:40.348 am|<span style="white-space: pre-wrap;">  [Node 018] [~] [Meter] value[66049]: 0 =&gt; 0                       [Endpoint 0]</span>
2026-10-03 10:01:40.346 am|<span style="white-space: pre-wrap;">» [ACK]                                                                   (0x06)</span>
2026-10-03 10:01:40.343 am|<span style="white-space: pre-wrap;">« 0x011300a80001120a3202217400000000000000b28a                        (21 bytes)</span>
2026-10-03 10:01:40.332 am|<span style="white-space: pre-wrap;">  all queues idle</span>
2026-10-03 10:01:40.330 am|<span style="white-space: pre-wrap;">  [Node 079] [~] [Basic] currentValue: 99 =&gt; 0                      [Endpoint 0]</span>
2026-10-03 10:01:40.326 am|<span style="white-space: pre-wrap;">» [ACK]                                                                   (0x06)</span>
2026-10-03 10:01:40.324 am|<span style="white-space: pre-wrap;">« 0x010c00a800014f0320030000a89d                                      (14 bytes)</span>
2026-10-03 10:01:40.319 am|<span style="white-space: pre-wrap;">« [REQ] [SendDataBridge]<br/>                                   callback id:            154<br/>                                   transmit status:        OK, took 10 ms<br/>                                   routing attempts:       1<br/>                                   protocol &amp; route speed: Z-Wave, 100 kbit/s<br/>                                   routing scheme:         LWR<br/>                                   ACK RSSI:               -88 dBm<br/>                                   ACK channel no.:        0<br/>                                   TX channel no.:         0</span>
2026-10-03 10:01:40.318 am|<span style="white-space: pre-wrap;">» [ACK]                                                                   (0x06)</span>
2026-10-03 10:01:40.315 am|<span style="white-space: pre-wrap;">« 0x011d00a99a00000100a87f7f7f7f00000300000000030100007f7f7f7f7f06    (31 bytes)</span>
2026-10-03 10:01:40.301 am|<span style="white-space: pre-wrap;">« [RES] [SendDataBridge]<br/>                                   was sent: true</span>
2026-10-03 10:01:40.299 am|<span style="white-space: pre-wrap;">» [ACK]                                                                   (0x06)</span>
2026-10-03 10:01:40.297 am|<span style="white-space: pre-wrap;">« 0x010401a90152                                                       (6 bytes)</span>
2026-10-03 10:01:40.293 am|<span style="white-space: pre-wrap;">« [ACK]                                                                   (0x06)</span>
2026-10-03 10:01:40.290 am|<span style="white-space: pre-wrap;">» [Node 079] [REQ] [SendDataBridge]<br/>                                 │ source node id:   1<br/>                                 │ transmit options: 0x25<br/>                                 │ callback id:      154<br/>                                 └─[BasicCCGet]</span>
2026-10-03 10:01:40.286 am|<span style="white-space: pre-wrap;">  one or more queues busy</span>
2026-10-03 10:01:40.250 am|<span style="white-space: pre-wrap;">« [Node 018] [REQ] [BridgeApplicationCommand]<br/>                                 │ RSSI: -78 dBm<br/>                                 └─[MeterCCReport]<br/>                                     meter type:  Electric<br/>                                     scale:       kWh<br/>                                     rate type:   Consumed<br/>                                     value:       33.004<br/>                                     time delta:  60 seconds<br/>                                     prev. value: 33.004</span>
2026-10-03 10:01:40.248 am|<span style="white-space: pre-wrap;">  [Node 018] [~] [Meter] value[65537]: 33.004 =&gt; 33.004             [Endpoint 0]</span>
2026-10-03 10:01:40.246 am|<span style="white-space: pre-wrap;">» [ACK]                                                                   (0x06)</span>
2026-10-03 10:01:40.243 am|<span style="white-space: pre-wrap;">« 0x011700a80001120e32022164000080ec003c000080ec00b2a6                (25 bytes)</span>
2026-10-03 10:01:40.151 am|<span style="white-space: pre-wrap;">« [Node 018] [REQ] [BridgeApplicationCommand]<br/>                                 │ RSSI: -78 dBm<br/>                                 └─[MeterCCReport]<br/>                                     meter type: Electric<br/>                                     scale:      A<br/>                                     rate type:  Consumed<br/>                                     value:      0<br/>                                     time delta: 0 seconds</span>
2026-10-03 10:01:40.150 am|<span style="white-space: pre-wrap;">  [Node 018] [~] [Meter] value[66817]: 0 =&gt; 0                       [Endpoint 0]</span>
2026-10-03 10:01:40.148 am|<span style="white-space: pre-wrap;">» [ACK]                                                                   (0x06)</span>
2026-10-03 10:01:40.144 am|<span style="white-space: pre-wrap;">« 0x011300a80001120a3202a16c00000000000000b212                        (21 bytes)</span>
2026-10-03 10:01:40.048 am|<span style="white-space: pre-wrap;">  [Node 018] [~] [Meter] value[66561]: 236.582 =&gt; 236.87            [Endpoint 0]</span>
2026-10-03 10:01:40.046 am|<span style="white-space: pre-wrap;">» [ACK]                                                                   (0x06)</span>
2026-10-03 10:01:40.042 am|<span style="white-space: pre-wrap;">« 0x011300a80001120a3202a16400039d46000000b2c2                        (21 bytes)</span>
2026-10-03 10:01:39.950 am|<span style="white-space: pre-wrap;">» [ACK]                                                                   (0x06)</span>
2026-10-03 10:01:39.946 am|<span style="white-space: pre-wrap;">« 0x010d00a800014f04250100ff00a863                                    (15 bytes)</span>
2026-10-03 10:01:39.864 am|<span style="white-space: pre-wrap;">  [Node 079] Scheduled poll canceled because expected value was received</span>
2026-10-03 10:01:39.862 am|<span style="white-space: pre-wrap;">« [Node 079] [REQ] [BridgeApplicationCommand]<br/>                                 │ RSSI: -88 dBm<br/>                                 └─[BasicCCReport]<br/>                                     current value: 0</span>
2026-10-03 10:01:39.859 am|<span style="white-space: pre-wrap;">» [ACK]                                                                   (0x06)</span>
2026-10-03 10:01:39.856 am|<span style="white-space: pre-wrap;">« 0x010c00a800014f0320030000a89d                                      (14 bytes)</span>
2026-10-03 10:01:39.777 am|<span style="white-space: pre-wrap;">  all queues idle</span>
2026-10-03 10:01:39.775 am|<span style="white-space: pre-wrap;">  [Node 079] [~] [Binary Switch] currentValue: true =&gt; false        [Endpoint 0]</span>
2026-10-03 10:01:39.774 am|<span style="white-space: pre-wrap;">« [REQ] [SendDataBridge]<br/>                                   callback id:            153<br/>                                   transmit status:        OK, took 10 ms<br/>                                   routing attempts:       1<br/>                                   protocol &amp; route speed: Z-Wave, 100 kbit/s<br/>                                   routing scheme:         LWR<br/>                                   ACK RSSI:               -88 dBm<br/>                                   ACK channel no.:        0<br/>                                   TX channel no.:         0</span>
2026-10-03 10:01:39.771 am|<span style="white-space: pre-wrap;">» [ACK]                                                                   (0x06)</span>
2026-10-03 10:01:39.768 am|<span style="white-space: pre-wrap;">« 0x011d00a99900000100a87f7f7f7f00000300000000030100007f7f7f7f7f05    (31 bytes)</span>
2026-10-03 10:01:39.753 am|<span style="white-space: pre-wrap;">« [RES] [SendDataBridge]<br/>                                   was sent: true</span>
2026-10-03 10:01:39.750 am|<span style="white-space: pre-wrap;">» [ACK]                                                                   (0x06)</span>
2026-10-03 10:01:39.749 am|<span style="white-space: pre-wrap;">« 0x010401a90152                                                       (6 bytes)</span>
2026-10-03 10:01:39.746 am|<span style="white-space: pre-wrap;">« [ACK]                                                                   (0x06)</span>
2026-10-03 10:01:39.743 am|<span style="white-space: pre-wrap;">» 0x011000a9014f04250100ff2500000000996b                              (18 bytes)</span>
2026-10-03 10:01:39.740 am|<span style="white-space: pre-wrap;">  one or more queues busy</span>
2026-10-03 10:01:39.313 am|<span style="white-space: pre-wrap;">  all queues idle</span>
2026-10-03 10:01:39.311 am|<span style="white-space: pre-wrap;">  [Node 079] [~] [Basic] currentValue: 99 =&gt; 99                     [Endpoint 0]</span>
2026-10-03 10:01:39.309 am|<span style="white-space: pre-wrap;">« 0x010c00a800014f032003ff00a862                                      (14 bytes)</span>
2026-10-03 10:01:39.306 am|<span style="white-space: pre-wrap;">« [REQ] [SendDataBridge]<br/>                                   callback id:            152<br/>                                   transmit status:        OK, took 10 ms<br/>                                   routing attempts:       1<br/>                                   protocol &amp; route speed: Z-Wave, 100 kbit/s<br/>                                   routing scheme:         LWR<br/>                                   ACK RSSI:               -88 dBm<br/>                                   ACK channel no.:        0<br/>                                   TX channel no.:         0</span>
2026-10-03 10:01:39.303 am|<span style="white-space: pre-wrap;">» [ACK]                                                                   (0x06)</span>
2026-10-03 10:01:39.299 am|<span style="white-space: pre-wrap;">« 0x011d00a99800000100a87f7f7f7f00000300000000030100007f7f7f7f7f04    (31 bytes)</span>
2026-10-03 10:01:39.286 am|<span style="white-space: pre-wrap;">« [RES] [SendDataBridge]<br/>                                   was sent: true</span>
2026-10-03 10:01:39.283 am|<span style="white-space: pre-wrap;">» [ACK]                                                                   (0x06)</span>
2026-10-03 10:01:39.281 am|<span style="white-space: pre-wrap;">« 0x010401a90152                                                       (6 bytes)</span>
2026-10-03 10:01:39.278 am|<span style="white-space: pre-wrap;">« [ACK]                                                                   (0x06)</span>
2026-10-03 10:01:39.273 am|<span style="white-space: pre-wrap;">» 0x010e00a9014f0220022500000000988b                                  (16 bytes)</span>
2026-10-03 10:01:39.272 am|<span style="white-space: pre-wrap;">» [Node 079] [REQ] [SendDataBridge]<br/>                                 │ source node id:   1<br/>                                 │ transmit options: 0x25<br/>                                 │ callback id:      152<br/>                                 └─[BasicCCGet]</span>
2026-10-03 10:01:39.270 am|<span style="white-space: pre-wrap;">  one or more queues busy</span>
2026-10-03 10:01:38.949 am|<span style="white-space: pre-wrap;">» [ACK]                                                                   (0x06)</span>
2026-10-03 10:01:38.946 am|<span style="white-space: pre-wrap;">« 0x010d00a800014f042501ffff00a99d                                    (15 bytes)</span>
2026-10-03 10:01:38.862 am|<span style="white-space: pre-wrap;">  [Node 079] Scheduled poll canceled because expected value was received</span>
2026-10-03 10:01:38.861 am|<span style="white-space: pre-wrap;">  [Node 079] [~] [Binary Switch] currentValue: true =&gt; true         [Endpoint 0]</span>
2026-10-03 10:01:38.857 am|<span style="white-space: pre-wrap;">» [ACK]                                                                   (0x06)</span>
2026-10-03 10:01:38.856 am|<span style="white-space: pre-wrap;">« 0x010c00a800014f032003ff00aa60                                      (14 bytes)</span>
2026-10-03 10:01:38.764 am|<span style="white-space: pre-wrap;">  all queues idle</span>
2026-10-03 10:01:38.760 am|<span style="white-space: pre-wrap;">  [Node 079] [~] [Binary Switch] currentValue: true =&gt; true         [Endpoint 0]</span>
2026-10-03 10:01:38.756 am|<span style="white-space: pre-wrap;">» [ACK]                                                                   (0x06)</span>
2026-10-03 10:01:38.753 am|<span style="white-space: pre-wrap;">« 0x011d00a99700000100aa7f7f7f7f00000300000000030100007f7f7f7f7f09    (31 bytes)</span>
2026-10-03 10:01:38.739 am|<span style="white-space: pre-wrap;">« [RES] [SendDataBridge]<br/>                                   was sent: true</span>
2026-10-03 10:01:38.736 am|<span style="white-space: pre-wrap;">« 0x010401a90152                                                       (6 bytes)</span>
2026-10-03 10:01:38.733 am|<span style="white-space: pre-wrap;">« [ACK]                                                                   (0x06)</span>
2026-10-03 10:01:38.729 am|<span style="white-space: pre-wrap;">» [Node 079] [REQ] [SendDataBridge]<br/>                                 │ source node id:   1<br/>                                 │ transmit options: 0x25<br/>                                 │ callback id:      151<br/>                                 └─[BinarySwitchCCSet]<br/>                                     target value: true</span>
2026-10-03 10:01:38.726 am|<span style="white-space: pre-wrap;">  one or more queues busy</span>
2026-10-03 10:01:37.810 am|<span style="white-space: pre-wrap;">  all queues idle</span>
2026-10-03 10:01:37.806 am|<span style="white-space: pre-wrap;">  [Node 079] [~] [Basic] currentValue: 0 =&gt; 99                      [Endpoint 0]</span>
2026-10-03 10:01:37.805 am|<span style="white-space: pre-wrap;">« [Node 079] [REQ] [BridgeApplicationCommand]<br/>                                 │ RSSI: -85 dBm<br/>                                 └─[BasicCCReport]<br/>                                     current value: 99</span>
2026-10-03 10:01:37.801 am|<span style="white-space: pre-wrap;">» [ACK]                                                                   (0x06)</span>
2026-10-03 10:01:37.799 am|<span style="white-space: pre-wrap;">« 0x010c00a800014f032003ff00ab61                                      (14 bytes)</span>
2026-10-03 10:01:37.796 am|<span style="white-space: pre-wrap;">» [ACK]                                                                   (0x06)</span>
2026-10-03 10:01:37.793 am|<span style="white-space: pre-wrap;">« 0x011d00a99600000100aa7f7f7f7f00000300000000030100007f7f7f7f7f08    (31 bytes)</span>
2026-10-03 10:01:37.779 am|<span style="white-space: pre-wrap;">» [ACK]                                                                   (0x06)</span>
2026-10-03 10:01:37.776 am|<span style="white-space: pre-wrap;">« 0x010401a90152                                                       (6 bytes)</span>
2026-10-03 10:01:37.772 am|<span style="white-space: pre-wrap;">« [ACK]                                                                   (0x06)</span>
2026-10-03 10:01:37.770 am|<span style="white-space: pre-wrap;">» 0x010e00a9014f02200225000000009685                                  (16 bytes)</span>
2026-10-03 10:01:37.768 am|<span style="white-space: pre-wrap;">» [Node 079] [REQ] [SendDataBridge]<br/>                                 │ source node id:   1<br/>                                 │ transmit options: 0x25<br/>                                 │ callback id:      150<br/>                                 └─[BasicCCGet]</span>
2026-10-03 10:01:37.765 am|<span style="white-space: pre-wrap;">  one or more queues busy</span>
2026-10-03 10:01:37.349 am|<span style="white-space: pre-wrap;">» [ACK]                                                                   (0x06)</span>
2026-10-03 10:01:37.346 am|<span style="white-space: pre-wrap;">« 0x010d00a800014f042501ffff00a89c                                    (15 bytes)</span>
2026-10-03 10:01:37.271 am|<span style="white-space: pre-wrap;">  [Node 079] Scheduled poll canceled because expected value was received</span>
2026-10-03 10:01:37.265 am|<span style="white-space: pre-wrap;">« [Node 079] [REQ] [BridgeApplicationCommand]<br/>                                 │ RSSI: -87 dBm<br/>                                 └─[BasicCCReport]<br/>                                     current value: 99</span>
2026-10-03 10:01:37.265 am|<span style="white-space: pre-wrap;">» [ACK]                                                                   (0x06)</span>
2026-10-03 10:01:37.262 am|<span style="white-space: pre-wrap;">« 0x010c00a800014f032003ff00a963                                      (14 bytes)</span>
2026-10-03 10:01:37.259 am|<span style="white-space: pre-wrap;">  all queues idle</span>
2026-10-03 10:01:37.256 am|<span style="white-space: pre-wrap;">  [Node 079] [~] [Binary Switch] currentValue: false =&gt; true        [Endpoint 0]</span>
2026-10-03 10:01:37.252 am|<span style="white-space: pre-wrap;">« [REQ] [SendDataBridge]<br/>                                   callback id:            149<br/>                                   transmit status:        OK, took 10 ms<br/>                                   routing attempts:       1<br/>                                   protocol &amp; route speed: Z-Wave, 100 kbit/s<br/>                                   routing scheme:         LWR<br/>                                   ACK RSSI:               -88 dBm<br/>                                   ACK channel no.:        0<br/>                                   TX channel no.:         0</span>
2026-10-03 10:01:37.250 am|<span style="white-space: pre-wrap;">» [ACK]                                                                   (0x06)</span>
2026-10-03 10:01:37.243 am|<span style="white-space: pre-wrap;">« 0x011d00a99500000100a87f7f7f7f00000300000000030100007f7f7f7f7f09    (31 bytes)</span>
2026-10-03 10:01:37.230 am|<span style="white-space: pre-wrap;">« [RES] [SendDataBridge]<br/>                                   was sent: true</span>
2026-10-03 10:01:37.228 am|<span style="white-space: pre-wrap;">» [ACK]                                                                   (0x06)</span>
2026-10-03 10:01:37.227 am|<span style="white-space: pre-wrap;">« 0x010401a90152                                                       (6 bytes)</span>
2026-10-03 10:01:37.224 am|<span style="white-space: pre-wrap;">« [ACK]                                                                   (0x06)</span>
2026-10-03 10:01:37.222 am|<span style="white-space: pre-wrap;">» 0x011000a9014f042501ffff25000000009598                              (18 bytes)</span>
2026-10-03 10:01:37.219 am|<span style="white-space: pre-wrap;">» [Node 079] [REQ] [SendDataBridge]<br/>                                 │ source node id:   1<br/>                                 │ transmit options: 0x25<br/>                                 │ callback id:      149<br/>                                 └─[BinarySwitchCCSet]<br/>                                     target value: true</span>
2026-10-03 10:01:37.216 am|<span style="white-space: pre-wrap;">  one or more queues busy</span>
2026-10-03 10:01:35.974 am|<span style="white-space: pre-wrap;">« [Node 079] [REQ] [BridgeApplicationCommand]<br/>                                 │ RSSI: -88 dBm<br/>                                 └─[BasicCCReport]<br/>                                     current value: 0</span>
2026-10-03 10:01:35.976 am|<span style="white-space: pre-wrap;">  all queues idle</span>
2026-10-03 10:01:35.974 am|<span style="white-space: pre-wrap;">  [Node 079] [~] [Basic] currentValue: 99 =&gt; 0                      [Endpoint 0]</span>
2026-10-03 10:01:35.966 am|<span style="white-space: pre-wrap;">« 0x010c00a800014f0320030000a89d                                      (14 bytes)</span>
2026-10-03 10:01:35.962 am|<span style="white-space: pre-wrap;">« [REQ] [SendDataBridge]<br/>                                   callback id:            148<br/>                                   transmit status:        OK, took 10 ms<br/>                                   routing attempts:       1<br/>                                   protocol &amp; route speed: Z-Wave, 100 kbit/s<br/>                                   routing scheme:         LWR<br/>                                   ACK RSSI:               -87 dBm<br/>                                   ACK channel no.:        0<br/>                                   TX channel no.:         0</span>
2026-10-03 10:01:35.960 am|<span style="white-space: pre-wrap;">» [ACK]                                                                   (0x06)</span>
2026-10-03 10:01:35.957 am|<span style="white-space: pre-wrap;">« 0x011d00a99400000100a97f7f7f7f00000300000000030100007f7f7f7f7f09    (31 bytes)</span>
2026-10-03 10:01:35.946 am|<span style="white-space: pre-wrap;">» [ACK]                                                                   (0x06)</span>
2026-10-03 10:01:35.941 am|<span style="white-space: pre-wrap;">« 0x010401a90152                                                       (6 bytes)</span>
2026-10-03 10:01:35.938 am|<span style="white-space: pre-wrap;">« [ACK]                                                                   (0x06)</span>
2026-10-03 10:01:35.935 am|<span style="white-space: pre-wrap;">» 0x010e00a9014f02200225000000009487                                  (16 bytes)</span>
2026-10-03 10:01:35.933 am|<span style="white-space: pre-wrap;">» [Node 079] [REQ] [SendDataBridge]<br/>                                 │ source node id:   1<br/>                                 │ transmit options: 0x25<br/>                                 │ callback id:      148<br/>                                 └─[BasicCCGet]</span>
2026-10-03 10:01:35.932 am|<span style="white-space: pre-wrap;">  one or more queues busy</span>
2026-10-03 10:01:35.551 am|<span style="white-space: pre-wrap;">» [ACK]                                                                   (0x06)</span>
2026-10-03 10:01:35.547 am|<span style="white-space: pre-wrap;">« 0x010d00a800014f04250100ff00a863                                    (15 bytes)</span>
2026-10-03 10:01:35.458 am|<span style="white-space: pre-wrap;">  [Node 079] Scheduled poll canceled because expected value was received</span>
2026-10-03 10:01:35.456 am|<span style="white-space: pre-wrap;">« [Node 079] [REQ] [BridgeApplicationCommand]<br/>                                 │ RSSI: -88 dBm<br/>                                 └─[BasicCCReport]<br/>                                     current value: 0</span>
2026-10-03 10:01:35.453 am|<span style="white-space: pre-wrap;">» [ACK]                                                                   (0x06)</span>
2026-10-03 10:01:35.446 am|<span style="white-space: pre-wrap;">« 0x010c00a800014f0320030000a89d                                      (14 bytes)</span>
2026-10-03 10:01:35.427 am|<span style="white-space: pre-wrap;">  all queues idle</span>
2026-10-03 10:01:35.418 am|<span style="white-space: pre-wrap;">« [REQ] [SendDataBridge]<br/>                                   callback id:            147<br/>                                   transmit status:        OK, took 10 ms<br/>                                   routing attempts:       1<br/>                                   protocol &amp; route speed: Z-Wave, 100 kbit/s<br/>                                   routing scheme:         LWR<br/>                                   ACK RSSI:               -88 dBm<br/>                                   ACK channel no.:        0<br/>                                   TX channel no.:         0</span>
2026-10-03 10:01:35.418 am|<span style="white-space: pre-wrap;">» [ACK]                                                                   (0x06)</span>
2026-10-03 10:01:35.415 am|<span style="white-space: pre-wrap;">« 0x011d00a99300000100a87f7f7f7f00000300000000030100007f7f7f7f7f0f    (31 bytes)</span>
2026-10-03 10:01:35.402 am|<span style="white-space: pre-wrap;">« [RES] [SendDataBridge]<br/>                                   was sent: true</span>
2026-10-03 10:01:35.397 am|<span style="white-space: pre-wrap;">« 0x010401a90152                                                       (6 bytes)</span>
2026-10-03 10:01:35.394 am|<span style="white-space: pre-wrap;">« [ACK]                                                                   (0x06)</span>
2026-10-03 10:01:35.391 am|<span style="white-space: pre-wrap;">» 0x011000a9014f04250100ff25000000009361                              (18 bytes)</span>
2026-10-03 10:01:35.389 am|<span style="white-space: pre-wrap;">» [Node 079] [REQ] [SendDataBridge]<br/>                                 │ source node id:   1<br/>                                 │ transmit options: 0x25<br/>                                 │ callback id:      147<br/>                                 └─[BinarySwitchCCSet]<br/>                                     target value: false</span>
2026-10-03 10:01:35.387 am|<span style="white-space: pre-wrap;">  one or more queues busy</span>
2026-10-03 10:01:34.026 am|<span style="white-space: pre-wrap;">» [ACK]                                                                   (0x06)</span>
2026-10-03 10:01:34.029 am|<span style="white-space: pre-wrap;">  [Node 079] [~] [Basic] currentValue: 99 =&gt; 99                     [Endpoint 0]</span>
2026-10-03 10:01:34.027 am|<span style="white-space: pre-wrap;">« [Node 079] [REQ] [BridgeApplicationCommand]<br/>                                 │ RSSI: -88 dBm<br/>                                 └─[BasicCCReport]<br/>                                     current value: 99</span>
2026-10-03 10:01:34.024 am|<span style="white-space: pre-wrap;">« 0x010c00a800014f032003ff00a862                                      (14 bytes)</span>
2026-10-03 10:01:34.023 am|<span style="white-space: pre-wrap;">» [ACK]                                                                   (0x06)</span>
2026-10-03 10:01:34.020 am|<span style="white-space: pre-wrap;">« 0x011d00a99200000100a97f7f7f7f00000300000000030100007f7f7f7f7f0f    (31 bytes)</span>
2026-10-03 10:01:34.003 am|<span style="white-space: pre-wrap;">» [ACK]                                                                   (0x06)</span>
2026-10-03 10:01:34.003 am|<span style="white-space: pre-wrap;">« [RES] [SendDataBridge]<br/>                                   was sent: true</span>
2026-10-03 10:01:34.000 am|<span style="white-space: pre-wrap;">« 0x010401a90152                                                       (6 bytes)</span>
2026-10-03 10:01:33.996 am|<span style="white-space: pre-wrap;">« [ACK]                                                                   (0x06)</span>
2026-10-03 10:01:33.993 am|<span style="white-space: pre-wrap;">» 0x010e00a9014f02200225000000009281                                  (16 bytes)</span>
2026-10-03 10:01:33.991 am|<span style="white-space: pre-wrap;">» [Node 079] [REQ] [SendDataBridge]<br/>                                 │ source node id:   1<br/>                                 │ transmit options: 0x25<br/>                                 │ callback id:      146<br/>                                 └─[BasicCCGet]</span>
2026-10-03 10:01:33.989 am|<span style="white-space: pre-wrap;">  one or more queues busy</span>
2026-10-03 10:01:33.652 am|<span style="white-space: pre-wrap;">» [ACK]                                                                   (0x06)</span>
2026-10-03 10:01:33.646 am|<span style="white-space: pre-wrap;">« 0x010d00a800014f042501ffff00a89c                                    (15 bytes)</span>
2026-10-03 10:01:33.559 am|<span style="white-space: pre-wrap;">  [Node 079] Scheduled poll canceled because expected value was received</span>
2026-10-03 10:01:33.554 am|<span style="white-space: pre-wrap;">  [Node 079] [~] [Binary Switch] currentValue: true =&gt; true         [Endpoint 0]</span>
2026-10-03 10:01:33.553 am|<span style="white-space: pre-wrap;">« [Node 079] [REQ] [BridgeApplicationCommand]<br/>                                 │ RSSI: -88 dBm<br/>                                 └─[BasicCCReport]<br/>                                     current value: 99</span>
2026-10-03 10:01:33.551 am|<span style="white-space: pre-wrap;">» [ACK]                                                                   (0x06)</span>
2026-10-03 10:01:33.546 am|<span style="white-space: pre-wrap;">« 0x010c00a800014f032003ff00a862                                      (14 bytes)</span>
2026-10-03 10:01:33.483 am|<span style="white-space: pre-wrap;">  all queues idle</span>
2026-10-03 10:01:33.478 am|<span style="white-space: pre-wrap;">  [Node 079] [~] [Binary Switch] currentValue: true =&gt; true         [Endpoint 0]</span>
2026-10-03 10:01:33.475 am|<span style="white-space: pre-wrap;">« [REQ] [SendDataBridge]<br/>                                   callback id:            145<br/>                                   transmit status:        OK, took 10 ms<br/>                                   routing attempts:       1<br/>                                   protocol &amp; route speed: Z-Wave, 100 kbit/s<br/>                                   routing scheme:         LWR<br/>                                   ACK RSSI:               -88 dBm<br/>                                   ACK channel no.:        0<br/>                                   TX channel no.:         0</span>
2026-10-03 10:01:33.471 am|<span style="white-space: pre-wrap;">» [ACK]                                                                   (0x06)</span>
2026-10-03 10:01:33.468 am|<span style="white-space: pre-wrap;">« 0x011d00a99100000100a87f7f7f7f00000300000000030100007f7f7f7f7f0d    (31 bytes)</span>
2026-10-03 10:01:33.455 am|<span style="white-space: pre-wrap;">« [RES] [SendDataBridge]<br/>                                   was sent: true</span>
2026-10-03 10:01:33.453 am|<span style="white-space: pre-wrap;">» [ACK]                                                                   (0x06)</span>
2026-10-03 10:01:33.451 am|<span style="white-space: pre-wrap;">« 0x010401a90152                                                       (6 bytes)</span>
2026-10-03 10:01:33.449 am|<span style="white-space: pre-wrap;">« [ACK]                                                                   (0x06)</span>
2026-10-03 10:01:33.444 am|<span style="white-space: pre-wrap;">» 0x011000a9014f042501ffff2500000000919c                              (18 bytes)</span>
2026-10-03 10:01:33.443 am|<span style="white-space: pre-wrap;">» [Node 079] [REQ] [SendDataBridge]<br/>                                 │ source node id:   1<br/>                                 │ transmit options: 0x25<br/>                                 │ callback id:      145<br/>                                 └─[BinarySwitchCCSet]<br/>                                     target value: true</span>
2026-10-03 10:01:33.441 am|<span style="white-space: pre-wrap;">  one or more queues busy</span>
2026-10-03 10:01:32.535 am|<span style="white-space: pre-wrap;">  all queues idle</span>
2026-10-03 10:01:32.531 am|<span style="white-space: pre-wrap;">« 0x010c00a800014f032003ff00a66c                                      (14 bytes)</span>
2026-10-03 10:01:32.529 am|<span style="white-space: pre-wrap;">« 0x011d00a99000000100a77f7f7f7f00000300000000030100007f7f7f7f7f03    (31 bytes)</span>
2026-10-03 10:01:32.529 am|<span style="white-space: pre-wrap;">« [REQ] [SendDataBridge]<br/>                                   callback id:            144<br/>                                   transmit status:        OK, took 10 ms<br/>                                   routing attempts:       1<br/>                                   protocol &amp; route speed: Z-Wave, 100 kbit/s<br/>                                   routing scheme:         LWR<br/>                                   ACK RSSI:               -89 dBm<br/>                                   ACK channel no.:        0<br/>                                   TX channel no.:         0</span>
2026-10-03 10:01:32.525 am|<span style="white-space: pre-wrap;">» [ACK]                                                                   (0x06)</span>
2026-10-03 10:01:32.460 am|<span style="white-space: pre-wrap;">« 0x010401a90152                                                       (6 bytes)</span>
2026-10-03 10:01:32.458 am|<span style="white-space: pre-wrap;">« [ACK]                                                                   (0x06)</span>
2026-10-03 10:01:32.454 am|<span style="white-space: pre-wrap;">» 0x010e00a9014f02200225000000009083                                  (16 bytes)</span>
2026-10-03 10:01:32.452 am|<span style="white-space: pre-wrap;">» [Node 079] [REQ] [SendDataBridge]<br/>                                 │ source node id:   1<br/>                                 │ transmit options: 0x25<br/>                                 │ callback id:      144<br/>                                 └─[BasicCCGet]</span>
2026-10-03 10:01:32.450 am|<span style="white-space: pre-wrap;">  one or more queues busy</span>
2026-10-03 10:01:32.050 am|<span style="white-space: pre-wrap;">« [Node 079] [REQ] [BridgeApplicationCommand]<br/>                                 │ RSSI: -92 dBm<br/>                                 └─[BinarySwitchCCSet]<br/>                                     target value: true<br/>                                     duration:     default</span>
2026-10-03 10:01:32.048 am|<span style="white-space: pre-wrap;">« 0x010d00a800014f042501ffff00a490                                    (15 bytes)</span>
2026-10-03 10:01:31.961 am|<span style="white-space: pre-wrap;">  [Node 079] Scheduled poll canceled because expected value was received</span>
2026-10-03 10:01:31.959 am|<span style="white-space: pre-wrap;">« [Node 079] [REQ] [BridgeApplicationCommand]<br/>                                 │ RSSI: -92 dBm<br/>                                 └─[BasicCCReport]<br/>                                     current value: 99</span>
2026-10-03 10:01:31.956 am|<span style="white-space: pre-wrap;">» [ACK]                                                                   (0x06)</span>
2026-10-03 10:01:31.952 am|<span style="white-space: pre-wrap;">« 0x010c00a800014f032003ff00a46e                                      (14 bytes)</span>
2026-10-03 10:01:31.945 am|<span style="white-space: pre-wrap;">  all queues idle</span>
2026-10-03 10:01:31.941 am|<span style="white-space: pre-wrap;">  [Node 079] [~] [Binary Switch] currentValue: true =&gt; true         [Endpoint 0]</span>
2026-10-03 10:01:31.939 am|<span style="white-space: pre-wrap;">« [REQ] [SendDataBridge]<br/>                                   callback id:            143<br/>                                   transmit status:        OK, took 10 ms<br/>                                   routing attempts:       1<br/>                                   protocol &amp; route speed: Z-Wave, 100 kbit/s<br/>                                   routing scheme:         LWR<br/>                                   ACK RSSI:               -91 dBm<br/>                                   ACK channel no.:        0<br/>                                   TX channel no.:         0</span>
2026-10-03 10:01:31.936 am|<span style="white-space: pre-wrap;">» [ACK]                                                                   (0x06)</span>
2026-10-03 10:01:31.934 am|<span style="white-space: pre-wrap;">« 0x011d00a98f00000100a57f7f7f7f00000300000000030100007f7f7f7f7f1e    (31 bytes)</span>
2026-10-03 10:01:31.921 am|<span style="white-space: pre-wrap;">« [RES] [SendDataBridge]<br/>                                   was sent: true</span>
2026-10-03 10:01:31.919 am|<span style="white-space: pre-wrap;">» [ACK]                                                                   (0x06)</span>
2026-10-03 10:01:31.917 am|<span style="white-space: pre-wrap;">« 0x010401a90152                                                       (6 bytes)</span>
2026-10-03 10:01:31.914 am|<span style="white-space: pre-wrap;">« [ACK]                                                                   (0x06)</span>
2026-10-03 10:01:31.911 am|<span style="white-space: pre-wrap;">» [Node 079] [REQ] [SendDataBridge]<br/>                                 │ source node id:   1<br/>                                 │ transmit options: 0x25<br/>                                 │ callback id:      143<br/>                                 └─[BinarySwitchCCSet]<br/>                                     target value: true</span>
2026-10-03 10:01:31.907 am|<span style="white-space: pre-wrap;">  one or more queues busy</span>
2026-10-03 10:01:30.945 am|<span style="white-space: pre-wrap;">  all queues idle</span>
2026-10-03 10:01:30.935 am|<span style="white-space: pre-wrap;">« [Node 079] [REQ] [BridgeApplicationCommand]<br/>                                 │ RSSI: -90 dBm<br/>                                 └─[BasicCCReport]<br/>                                     current value: 99</span>
2026-10-03 10:01:30.929 am|<span style="white-space: pre-wrap;">» [ACK]                                                                   (0x06)</span>
2026-10-03 10:01:30.926 am|<span style="white-space: pre-wrap;">« 0x010c00a800014f032003ff00a66c                                      (14 bytes)</span>
2026-10-03 10:01:30.921 am|<span style="white-space: pre-wrap;">» [ACK]                                                                   (0x06)</span>
2026-10-03 10:01:30.917 am|<span style="white-space: pre-wrap;">« 0x011d00a98e00000100a67f7f7f7f00000300000000030100007f7f7f7f7f1c    (31 bytes)</span>
2026-10-03 10:01:30.906 am|<span style="white-space: pre-wrap;">« [RES] [SendDataBridge]<br/>                                   was sent: true</span>
2026-10-03 10:01:30.902 am|<span style="white-space: pre-wrap;">« 0x010401a90152                                                       (6 bytes)</span>
2026-10-03 10:01:30.898 am|<span style="white-space: pre-wrap;">« [ACK]                                                                   (0x06)</span>
2026-10-03 10:01:30.895 am|<span style="white-space: pre-wrap;">» 0x010e00a9014f02200225000000008e9d                                  (16 bytes)</span>
2026-10-03 10:01:30.891 am|<span style="white-space: pre-wrap;">  one or more queues busy</span>
2026-10-03 10:01:30.548 am|<span style="white-space: pre-wrap;">» [ACK]                                                                   (0x06)</span>
2026-10-03 10:01:30.546 am|<span style="white-space: pre-wrap;">« 0x010d00a800014f042501ffff00a793                                    (15 bytes)</span>
2026-10-03 10:01:30.470 am|<span style="white-space: pre-wrap;">  [Node 079] Scheduled poll canceled because expected value was received</span>
2026-10-03 10:01:30.468 am|<span style="white-space: pre-wrap;">« [Node 079] [REQ] [BridgeApplicationCommand]<br/>                                 │ RSSI: -89 dBm<br/>                                 └─[BasicCCReport]<br/>                                     current value: 99</span>
2026-10-03 10:01:30.467 am|<span style="white-space: pre-wrap;">« 0x010c00a800014f032003ff00a76d                                      (14 bytes)</span>
2026-10-03 10:01:30.382 am|<span style="white-space: pre-wrap;">  [Node 079] [~] [Binary Switch] currentValue: true =&gt; true         [Endpoint 0]</span>
2026-10-03 10:01:30.379 am|<span style="white-space: pre-wrap;">« [REQ] [SendDataBridge]<br/>                                   callback id:            141<br/>                                   transmit status:        OK, took 10 ms<br/>                                   routing attempts:       1<br/>                                   protocol &amp; route speed: Z-Wave, 100 kbit/s<br/>                                   routing scheme:         LWR<br/>                                   ACK RSSI:               -90 dBm<br/>                                   ACK channel no.:        0<br/>                                   TX channel no.:         0</span>
2026-10-03 10:01:30.375 am|<span style="white-space: pre-wrap;">» [ACK]                                                                   (0x06)</span>
2026-10-03 10:01:30.372 am|<span style="white-space: pre-wrap;">« 0x011d00a98d00000100a67f7f7f7f00000300000000030100007f7f7f7f7f1f    (31 bytes)</span>
2026-10-03 10:01:30.356 am|<span style="white-space: pre-wrap;">« [RES] [SendDataBridge]<br/>                                   was sent: true</span>
2026-10-03 10:01:30.353 am|<span style="white-space: pre-wrap;">« 0x010401a90152                                                       (6 bytes)</span>
2026-10-03 10:01:30.350 am|<span style="white-space: pre-wrap;">« [ACK]                                                                   (0x06)</span>
2026-10-03 10:01:30.345 am|<span style="white-space: pre-wrap;">» 0x011000a9014f042501ffff25000000008d80                              (18 bytes)</span>
2026-10-03 10:01:30.344 am|<span style="white-space: pre-wrap;">» [Node 079] [REQ] [SendDataBridge]<br/>                                 │ source node id:   1<br/>                                 │ transmit options: 0x25<br/>                                 │ callback id:      141<br/>                                 └─[BinarySwitchCCSet]<br/>                                     target value: true</span>
2026-10-03 10:01:30.343 am|<span style="white-space: pre-wrap;">  one or more queues busy</span>
2026-10-03 10:01:28.757 am|<span style="white-space: pre-wrap;">« [Node 079] [REQ] [BridgeApplicationCommand]<br/>                                 │ RSSI: -90 dBm<br/>                                 └─[BinarySwitchCCReport]<br/>                                     current value: true</span>
2026-10-03 10:01:28.754 am|<span style="white-space: pre-wrap;">  [Node 079] [~] [Binary Switch] currentValue: true =&gt; true         [Endpoint 0]</span>
2026-10-03 10:01:28.751 am|<span style="white-space: pre-wrap;">« 0x010c00a800014f032503ff00a669                                      (14 bytes)</span>
2026-10-03 10:01:28.746 am|<span style="white-space: pre-wrap;">« [REQ] [SendDataBridge]<br/>                                   callback id:            140<br/>                                   transmit status:        OK, took 10 ms<br/>                                   routing attempts:       1<br/>                                   protocol &amp; route speed: Z-Wave, 100 kbit/s<br/>                                   routing scheme:         LWR<br/>                                   ACK RSSI:               -89 dBm<br/>                                   ACK channel no.:        0<br/>                                   TX channel no.:         0</span>
2026-10-03 10:01:28.742 am|<span style="white-space: pre-wrap;">» [ACK]                                                                   (0x06)</span>
2026-10-03 10:01:28.740 am|<span style="white-space: pre-wrap;">« 0x011d00a98c00000100a77f7f7f7f00000300000000030100007f7f7f7f7f1f    (31 bytes)</span>
2026-10-03 10:01:28.730 am|<span style="white-space: pre-wrap;">« [RES] [SendDataBridge]<br/>                                   was sent: true</span>
2026-10-03 10:01:28.727 am|<span style="white-space: pre-wrap;">» [ACK]                                                                   (0x06)</span>
2026-10-03 10:01:28.724 am|<span style="white-space: pre-wrap;">« 0x010401a90152                                                       (6 bytes)</span>
2026-10-03 10:01:28.723 am|<span style="white-space: pre-wrap;">« [ACK]                                                                   (0x06)</span>
2026-10-03 10:01:28.715 am|<span style="white-space: pre-wrap;">» 0x010e00a9014f02250225000000008c9a                                  (16 bytes)</span>
2026-10-03 10:01:28.713 am|<span style="white-space: pre-wrap;">» [Node 079] [REQ] [SendDataBridge]<br/>                                 │ source node id:   1<br/>                                 │ transmit options: 0x25<br/>                                 │ callback id:      140<br/>                                 └─[BinarySwitchCCGet]</span>
2026-10-03 10:01:28.712 am|<span style="white-space: pre-wrap;">  one or more queues busy</span>
2026-10-03 10:01:28.322 am|<span style="white-space: pre-wrap;">  all queues idle</span>
2026-10-03 10:01:28.320 am|<span style="white-space: pre-wrap;">  [Node 079] [~] [Basic] currentValue: 99 =&gt; 99                     [Endpoint 0]</span>
2026-10-03 10:01:28.317 am|<span style="white-space: pre-wrap;">» [ACK]                                                                   (0x06)</span>
2026-10-03 10:01:28.315 am|<span style="white-space: pre-wrap;">« 0x010c00a800014f032003ff00a76d                                      (14 bytes)</span>
2026-10-03 10:01:28.311 am|<span style="white-space: pre-wrap;">« [REQ] [SendDataBridge]<br/>                                   callback id:            139<br/>                                   transmit status:        OK, took 10 ms<br/>                                   routing attempts:       1<br/>                                   protocol &amp; route speed: Z-Wave, 100 kbit/s<br/>                                   routing scheme:         LWR<br/>                                   ACK RSSI:               -89 dBm<br/>                                   ACK channel no.:        0<br/>                                   TX channel no.:         0</span>
2026-10-03 10:01:28.309 am|<span style="white-space: pre-wrap;">» [ACK]                                                                   (0x06)</span>
2026-10-03 10:01:28.307 am|<span style="white-space: pre-wrap;">« 0x011d00a98b00000100a77f7f7f7f00000300000000030100007f7f7f7f7f18    (31 bytes)</span>
2026-10-03 10:01:28.304 am|<span style="white-space: pre-wrap;">« [RES] [SendDataBridge]<br/>                                   was sent: true</span>
2026-10-03 10:01:28.302 am|<span style="white-space: pre-wrap;">« 0x010401a90152                                                       (6 bytes)</span>
2026-10-03 10:01:28.300 am|<span style="white-space: pre-wrap;">« [ACK]                                                                   (0x06)</span>
2026-10-03 10:01:28.299 am|<span style="white-space: pre-wrap;">» 0x010e00a9014f02200225000000008b98                                  (16 bytes)</span>
2026-10-03 10:01:28.298 am|<span style="white-space: pre-wrap;">  one or more queues busy</span>
2026-10-03 10:01:28.231 am|<span style="white-space: pre-wrap;">  all queues idle</span>
2026-10-03 10:01:28.228 am|<span style="white-space: pre-wrap;">  [Node 079] [~] [Basic] currentValue: 99 =&gt; 99                     [Endpoint 0]</span>
2026-10-03 10:01:28.225 am|<span style="white-space: pre-wrap;">» [ACK]                                                                   (0x06)</span>
2026-10-03 10:01:28.222 am|<span style="white-space: pre-wrap;">« 0x010c00a800014f032003ff00a76d                                      (14 bytes)</span>
2026-10-03 10:01:28.218 am|<span style="white-space: pre-wrap;">« [REQ] [SendDataBridge]<br/>                                   callback id:            138<br/>                                   transmit status:        OK, took 10 ms<br/>                                   routing attempts:       1<br/>                                   protocol &amp; route speed: Z-Wave, 100 kbit/s<br/>                                   routing scheme:         LWR<br/>                                   ACK RSSI:               -90 dBm<br/>                                   ACK channel no.:        0<br/>                                   TX channel no.:         0</span>
2026-10-03 10:01:28.215 am|<span style="white-space: pre-wrap;">» [ACK]                                                                   (0x06)</span>
2026-10-03 10:01:28.213 am|<span style="white-space: pre-wrap;">« 0x011d00a98a00000100a67f7f7f7f00000300000000030100007f7f7f7f7f18    (31 bytes)</span>
2026-10-03 10:01:28.200 am|<span style="white-space: pre-wrap;">» [ACK]                                                                   (0x06)</span>
2026-10-03 10:01:28.197 am|<span style="white-space: pre-wrap;">« 0x010401a90152                                                       (6 bytes)</span>
2026-10-03 10:01:28.195 am|<span style="white-space: pre-wrap;">« [ACK]                                                                   (0x06)</span>
2026-10-03 10:01:28.191 am|<span style="white-space: pre-wrap;">» 0x010e00a9014f02200225000000008a99                                  (16 bytes)</span>
2026-10-03 10:01:28.188 am|<span style="white-space: pre-wrap;">  one or more queues busy</span>
2026-10-03 10:01:27.950 am|<span style="white-space: pre-wrap;">« [Node 079] [REQ] [BridgeApplicationCommand]<br/>                                 │ RSSI: -90 dBm<br/>                                 └─[BinarySwitchCCSet]<br/>                                     target value: false<br/>                                     duration:     default</span>
2026-10-03 10:01:27.947 am|<span style="white-space: pre-wrap;">» [ACK]                                                                   (0x06)</span>
2026-10-03 10:01:27.946 am|<span style="white-space: pre-wrap;">« 0x010d00a800014f04250100ff00a66d                                    (15 bytes)</span>
2026-10-03 10:01:27.859 am|<span style="white-space: pre-wrap;">« [Node 079] [REQ] [BridgeApplicationCommand]<br/>                                 │ RSSI: -90 dBm<br/>                                 └─[BinarySwitchCCSet]<br/>                                     target value: true<br/>                                     duration:     default</span>
2026-10-03 10:01:27.858 am|<span style="white-space: pre-wrap;">» [ACK]                                                                   (0x06)</span>
2026-10-03 10:01:27.856 am|<span style="white-space: pre-wrap;">« 0x010d00a800014f042501ffff00a692                                    (15 bytes)</span>
2026-10-03 10:01:27.765 am|<span style="white-space: pre-wrap;">« 0x010c00a800014f032003ff00a66c                                      (14 bytes)</span>
2026-10-03 10:01:27.766 am|<span style="white-space: pre-wrap;">» [ACK]                                                                   (0x06)</span>
2026-10-03 10:01:27.766 am|<span style="white-space: pre-wrap;">« 0x010401a90152                                                       (6 bytes)</span>
2026-10-03 10:01:27.763 am|<span style="white-space: pre-wrap;">  all queues idle</span>
2026-10-03 10:01:27.762 am|<span style="white-space: pre-wrap;">  [Node 079] [~] [Binary Switch] currentValue: true =&gt; false        [Endpoint 0]</span>
2026-10-03 10:01:27.760 am|<span style="white-space: pre-wrap;">« [REQ] [SendDataBridge]<br/>                                   callback id:            137<br/>                                   transmit status:        OK, took 10 ms<br/>                                   routing attempts:       1<br/>                                   protocol &amp; route speed: Z-Wave, 100 kbit/s<br/>                                   routing scheme:         LWR<br/>                                   ACK RSSI:               -90 dBm<br/>                                   ACK channel no.:        0<br/>                                   TX channel no.:         0</span>
2026-10-03 10:01:27.758 am|<span style="white-space: pre-wrap;">» [ACK]                                                                   (0x06)</span>
2026-10-03 10:01:27.754 am|<span style="white-space: pre-wrap;">» [Node 079] [REQ] [SendDataBridge]<br/>                                 │ source node id:   1<br/>                                 │ transmit options: 0x25<br/>                                 │ callback id:      137<br/>                                 └─[BinarySwitchCCSet]<br/>                                     target value: false</span>
2026-10-03 10:01:27.683 am|<span style="white-space: pre-wrap;">» 0x011000a9014f04250100ff2500000000897b                              (18 bytes)</span>
2026-10-03 10:01:27.676 am|<span style="white-space: pre-wrap;">  [Node 079] [~] [Binary Switch] currentValue: true =&gt; true         [Endpoint 0]</span>
2026-10-03 10:01:27.672 am|<span style="white-space: pre-wrap;">« [REQ] [SendDataBridge]<br/>                                   callback id:            136<br/>                                   transmit status:        OK, took 10 ms<br/>                                   routing attempts:       1<br/>                                   protocol &amp; route speed: Z-Wave, 100 kbit/s<br/>                                   routing scheme:         LWR<br/>                                   ACK RSSI:               -88 dBm<br/>                                   ACK channel no.:        0<br/>                                   TX channel no.:         0</span>
2026-10-03 10:01:27.671 am|<span style="white-space: pre-wrap;">» [ACK]                                                                   (0x06)</span>
2026-10-03 10:01:27.669 am|<span style="white-space: pre-wrap;">« 0x011d00a98800000100a87f7f7f7f00000300000000030100007f7f7f7f7f14    (31 bytes)</span>
2026-10-03 10:01:27.658 am|<span style="white-space: pre-wrap;">« [RES] [SendDataBridge]<br/>                                   was sent: true</span>
2026-10-03 10:01:27.657 am|<span style="white-space: pre-wrap;">» [ACK]                                                                   (0x06)</span>
2026-10-03 10:01:27.653 am|<span style="white-space: pre-wrap;">« [ACK]                                                                   (0x06)</span>
2026-10-03 10:01:27.648 am|<span style="white-space: pre-wrap;">» [Node 079] [REQ] [SendDataBridge]<br/>                                 │ source node id:   1<br/>                                 │ transmit options: 0x25<br/>                                 │ callback id:      136<br/>                                 └─[BinarySwitchCCSet]<br/>                                     target value: true</span>
2026-10-03 10:01:27.646 am|<span style="white-space: pre-wrap;">» 0x011000a9014f042501ffff25000000008885                              (18 bytes)</span>
2026-10-03 10:01:27.642 am|<span style="white-space: pre-wrap;">  one or more queues busy</span>
2026-10-03 10:01:26.666 am|<span style="white-space: pre-wrap;">  all queues idle</span>
2026-10-03 10:01:26.663 am|<span style="white-space: pre-wrap;">  [Node 079] [~] [Basic] currentValue: 99 =&gt; 99                     [Endpoint 0]</span>
2026-10-03 10:01:26.661 am|<span style="white-space: pre-wrap;">» [ACK]                                                                   (0x06)</span>
2026-10-03 10:01:26.657 am|<span style="white-space: pre-wrap;">« 0x010c00a800014f032003ff00a76d                                      (14 bytes)</span>
2026-10-03 10:01:26.653 am|<span style="white-space: pre-wrap;">« [REQ] [SendDataBridge]<br/>                                   callback id:            135<br/>                                   transmit status:        OK, took 10 ms<br/>                                   routing attempts:       1<br/>                                   protocol &amp; route speed: Z-Wave, 100 kbit/s<br/>                                   routing scheme:         LWR<br/>                                   ACK RSSI:               -88 dBm<br/>                                   ACK channel no.:        0<br/>                                   TX channel no.:         0</span>
2026-10-03 10:01:26.649 am|<span style="white-space: pre-wrap;">« 0x011d00a98700000100a87f7f7f7f00000300000000030100007f7f7f7f7f1b    (31 bytes)</span>
2026-10-03 10:01:26.637 am|<span style="white-space: pre-wrap;">« [RES] [SendDataBridge]<br/>                                   was sent: true</span>
2026-10-03 10:01:26.634 am|<span style="white-space: pre-wrap;">« 0x010401a90152                                                       (6 bytes)</span>
2026-10-03 10:01:26.631 am|<span style="white-space: pre-wrap;">« [ACK]                                                                   (0x06)</span>
2026-10-03 10:01:26.628 am|<span style="white-space: pre-wrap;">» 0x010e00a9014f02200225000000008794                                  (16 bytes)</span>
2026-10-03 10:01:26.625 am|<span style="white-space: pre-wrap;">» [Node 079] [REQ] [SendDataBridge]<br/>                                 │ source node id:   1<br/>                                 │ transmit options: 0x25<br/>                                 │ callback id:      135<br/>                                 └─[BasicCCGet]</span>
2026-10-03 10:01:26.251 am|<span style="white-space: pre-wrap;">« [Node 079] [REQ] [BridgeApplicationCommand]<br/>                                 │ RSSI: -89 dBm<br/>                                 └─[BinarySwitchCCSet]<br/>                                     target value: true<br/>                                     duration:     default</span>
2026-10-03 10:01:26.248 am|<span style="white-space: pre-wrap;">» [ACK]                                                                   (0x06)</span>
2026-10-03 10:01:26.246 am|<span style="white-space: pre-wrap;">« 0x010d00a800014f042501ffff00a793                                    (15 bytes)</span>
2026-10-03 10:01:26.152 am|<span style="white-space: pre-wrap;">« [Node 079] [REQ] [BridgeApplicationCommand]<br/>                                 │ RSSI: -89 dBm<br/>                                 └─[BasicCCReport]<br/>                                     current value: 99</span>
2026-10-03 10:01:26.150 am|<span style="white-space: pre-wrap;">» [ACK]                                                                   (0x06)</span>
2026-10-03 10:01:26.146 am|<span style="white-space: pre-wrap;">« 0x010c00a800014f032003ff00a76d                                      (14 bytes)</span>
2026-10-03 10:01:26.114 am|<span style="white-space: pre-wrap;">  [Node 079] [~] [Binary Switch] currentValue: true =&gt; true         [Endpoint 0]</span>
2026-10-03 10:01:26.109 am|<span style="white-space: pre-wrap;">« [REQ] [SendDataBridge]<br/>                                   callback id:            134<br/>                                   transmit status:        OK, took 10 ms<br/>                                   routing attempts:       1<br/>                                   protocol &amp; route speed: Z-Wave, 100 kbit/s<br/>                                   routing scheme:         LWR<br/>                                   ACK RSSI:               -91 dBm<br/>                                   ACK channel no.:        0<br/>                                   TX channel no.:         0</span>
2026-10-03 10:01:26.106 am|<span style="white-space: pre-wrap;">» [ACK]                                                                   (0x06)</span>
2026-10-03 10:01:26.102 am|<span style="white-space: pre-wrap;">« 0x011d00a98600000100a57f7f7f7f00000300000000030100007f7f7f7f7f17    (31 bytes)</span>
2026-10-03 10:01:26.089 am|<span style="white-space: pre-wrap;">« [RES] [SendDataBridge]<br/>                                   was sent: true</span>
2026-10-03 10:01:26.085 am|<span style="white-space: pre-wrap;">« 0x010401a90152                                                       (6 bytes)</span>
2026-10-03 10:01:26.083 am|<span style="white-space: pre-wrap;">« [ACK]                                                                   (0x06)</span>
2026-10-03 10:01:26.079 am|<span style="white-space: pre-wrap;">» 0x011000a9014f042501ffff2500000000868b                              (18 bytes)</span>
2026-10-03 10:01:26.074 am|<span style="white-space: pre-wrap;">  one or more queues busy</span>
